word,count
@colleengleason,9
@mdknightbabe,16
hrtablaze,9
triggered,153
anti-fascist,2
short,2
film,2
viral,2
@yayitsrob,2
writes,2
ball...dribbles,2
@slandinsocal,20
left...he,2
shoots,2
looks...he,2
surprise,16
racist,243
agree,28
sway,10
press,318
north,64
excuseme,6
charlottesville,128
sincerely,55
schooled,8
doing,13
lefty,25
learn,2
nowadays,11
@mitchellvii,38
trumptrain,32
korea,96
#potus,49
#tuesdaythoughts,199
@markantro,30
alt,52
#fakepolls,16
neo,21
@rosegra21103351,14
hell,247
@maggienyt,12
taking,55
reporter,64
mean,4
media,1402
trying,49
protesting,20
supports,30
liberals,35
there's,20
protesters,24
proud,92
spox,209
liberal,39
@acosta,142
tower,449
totally,21
@diamondandsilk,8
tweet,21
russian,226
(video,356
documents,140
slave,11
collusion,213
running,29
mainstream,42
donald,32
-,189
russia,94
america,80
#maga,255
forced,61
@ap,14
presidential,11
cnn,306
@markknoller,2
impudent,26
marxist,44
words,26
@stupid_patrol,2
listen,98
name,58
nazis,58
believe,161
jim,38
washington,103
@itsyourgrace,28
@davidgrayrhodes,2
camera,5
calling,279
sucks,15
what's,45
bitch,29
@realjameswoods,34
blasts,431
shill,2
acosta,35
@tony19542,7
@nerdkittengames,2
msm,266
@seekeroftruth0,2
incoming,2
putting,2
@chelley9905,2
@the_trump_train,68
@bri_ecrit,2
statue,23
president,638
depicted,18
usa,75
propaganda,176
@arelab13,8
honest,41
trump,2258
@hrtablaze,196
@sophiahelwani,26
kkk,146
@fitserbmomma,2
called,137
received,3
@andersoncooper,28
george,84
#extreme,28
@cattsadstr,9
he's,88
voted,48
lying,40
meme,21
allowing,8
/,186
willingly,61
mouth,14
left,187
equally,5
get-go,137
antifa,472
ties,2
@ineedtequila,2
he'll,13
lied=&gt;manafort,140
@foxnews,137
condemning,69
organization,7
prove,73
saying,267
@gatewaypundit,205
failed,11
goal,2
1/,3
npr,2
jobs,23
applebee's,2
mcauliffe,7
millennials,2
efforts,2
rebranding,2
y'all,11
@jwaxsom,2
eclipse,73
@danrather,35
disavowing,54
water,42
hasn't,16
learned,18
crap,17
combative,2
publicly,17
nonexistent,2
criticizes,2
americans,66
staring,70
#trump,337
protect,12
truth,108
@bbcpropaganda,2
bathroom,2
billion,2
nhs,2
pfi,2
debt,2
@papaspeedo,3
racism,57
american,98
#whitesupremacists,54
lie,98
walk-back,34
@nbc,16
york,17
charlottsville,2
job,39
promote,10
march,128
criticize,15
car,7
fighting,36
won't,144
@getajobucommie,6
times,116
@msnbc,75
#resist,16
#fox,10
hey,46
@_ncpatriot_,2
@seanhannity,16
@lsmith4680,27
gov,2
rewrites,2
terry,2
promotes,4
@cbs,16
reporting,33
tonight,10
wh,11
@cnn,614
enemy,14
pushing--we're,2
tapper....you,2
telling,32
speaks,7
cause,9
dare,47
equivalence,2
white,267
o.g,2
@realhelinbaran,17
crazy,30
ft,2
@daveweigel,2
#marchongoogle,89
pushing,34
@lolgop,2
@alozrast,72
#davidduke,17
bring,33
bcz,2
nebulous,2
verifiably,2
#antifascist,2
@mrsmmtbeauty,3
@jojoh888,45
choose,20
epic,383
ppl,36
#bigotry,17
hi,17
drinking,3
story,74
watch,94
@bbcworld,5
dressing-down,3
they're,126
election,135
truly,81
lied,76
we're,112
ignore,60
realdonaldtrump,11
#witchhunt,69
bullshit,42
@jaketapper,70
@surfermom77,27
staff,10
nationalist,140
@gwhinton,2
2u,3
@thetrumplady,18
babbling,16
#liarinchief,5
agree-listened,2
@repstevensmith,349
@stephenwunderl4,5
(excepting,5
according,8
false,22
glad,9
2trust,16
god,91
@realdonaldtrump,1009
#kkk,34
violence,204
#antifa,264
makes,33
via,15
boy,16
experts,30
@jpodhoretz,2
4siding,66
church,2
stellar,2
@aridavidusa,9
statement,43
fact--you,31
#cryptocurrency,9
trouble,11
ago,14
#getem,4
event,26
constant,5
infrastructure,15
journalism,24
100,8
@elohim_gadol,9
marching,3
journalists,97
told,44
trumps,13
smacking,3
outright,5
@ghaleonmagicemp,2
base,7
virginia,9
@lizfinger1,2
military,38
infact,2
@thebradfordfile,36
makers,2
@,14
dick,5
#gop,20
interrupt,3
ceo's,3
tough,65
season,2
baiting,23
"embarrassment""...of",3
#trumpnazi,3
@hbjager,2
goldy,2
double,2
standard,2
monday,9
dan,39
message,6
includes,2
proof,63
danger,8
"century,5th",6
guys,13
cultural,3
quit,10
president...crazy,9
remind,2
ceo,8
smears,2
spot,14
fine,15
hold,19
@bocavista2016,32
would've,2
portray,34
nightmare,2
disgrace,23
#cambridgeanalytica,3
fashionable,6
#facebook,9
conferences,32
slamming,69
flame,4
aug,21
pres,39
12th,12
taste,5
bigot,10
jefferson,6
fake,396
trump's,101
joke,4
actually,46
#rememberheather,17
owners,6
breaking,9
criticism,35
diff,8
#alshabab,3
events,60
chinese,30
leash,3
#nazitrump,3
@randomobserver1,3
news,547
#putin,9
interference,3
type,3
wife,9
exposes,8
terrible,8
van,5
jones,8
@bravehart60,17
conference,98
#muellertime,5
@redpillmike1,3
wrong,68
@lmchristi1,6
@krissymaga3x,6
#trumprussia,3
complete,7
@joenbc,6
nazi,147
@kassandraseven,9
@medpierre,23
#darkmoney,9
$$$,8
#fascism,9
presidents,6
wankers,17
yes,23
@kwilli1046,120
report,89
labeled,8
decide,5
@dbongino,3
dishonest,29
remarks,17
potus,114
@keitholbermann,5
@oilfieldfalcon,5
rest,13
#isis,8
tower.i,6
kool,3
word,35
n2,66
perverters,3
perverting,3
10,26
@andrewmanley1,2
@laraleatrump,3
w/1,66
aide,3
defending,7
@ryanafournier,12
dumb,10
sad,81
using,13
@grizzlemaximus,104
bused,11
@aiiamericangiri,20
@kellylux,2
products,5
#dogkeith,3
condemnation,5
@thequ4nt,3
finished,280
disrespect,9
remove,5
support,95
@theleftisracist,2
@ericbolling,2
misjudged,2
@lookner,2
@abcnews,11
allowed,7
forgotten,2
@vivacioususa,2
disgraced,2
speech,15
#neonazis,2
blames,17
sit,5
eat,5
step,5
closer,5
sense,12
#cafc,2
game,2
faith,2
true,34
bunch,124
#falseflag,2
@allidoisowen,29
#fakemedia,5
alienating,2
#minorities,2
#russia,17
fantastic,11
newsflash,6
plague,6
@irritatedwoman,47
business,12
gates,6
accurately,62
disregard,5
#alqaeda,3
talk,71
#soros,17
lord,12
@breaking911,11
#nra,3
change,98
who's,34
#truthtopower,4
shown,56
administration,3
@abbydphillip,12
peacefully,5
refuse,32
shatters,3
@steph93065,10
lies,118
killing,9
bwahahahaha,9
@aladrienedenise,3
diet,3
coke,3
reasonable,3
participants,3
assessment,3
despicable,3
professional,6
@dfleites,3
#twitter,11
speaking,3
fit,98
@chelliehylton,6
@potus,793
start,93
apoligism,3
jackasses,3
#corrupt,3
respect,13
hyenas,3
hide,9
@savwhitechildre,6
column,12
low,109
plague;5th,6
islam..same,6
clowns,15
stance,33
race,40
people's,5
trade,36
likes2,6
#cnnisantifa,24
pathetic,46
#bizarre,3
godfather,31
exactly,35
found,19
@specialkmb1969,26
#blm,49
@naacp,3
late-to-the-table,3
talking,54
violent,56
@chriscarus,3
&amp;laying,66
cost,3
lives,37
fight,18
hear,75
bad,224
disrespectful,14
realnews,3
intergity,12
president's,11
buy,10
#altright,31
terrorist,23
#imperialwizard,3
@lindasuhler,63
appears,32
@falantphil,9
zero,14
dyin,9
gotta,8
marxism,3
destroying,46
#wordperverters,3
godforsaken,3
emails,3
decency,3
humanity,3
(0:36,6
burn,51
heads,5
#ap,3
#news,47
city,3
#trumpismypresident,3
@thehill,12
power,52
nation,3
bff,5
@huffpost,6
altright,8
#reichministryofpublicenlightenmentandpropaganda,6
@trumpedyou22,3
pic,3
kylie,6
@lisa_gauvin,3
@suzieqgirl1,3
couldn't,58
caved,6
picture,20
repeatedly,49
praising,3
flying,6
poor,10
interrupting,9
disagree,8
sources,24
@stump4trumppac,146
#fakerussia,3
"saying""put",3
define,17
"it"".lol",3
balls,30
capital,3
constantly,5
#msnbc,46
@vanjones68,30
spreading,43
fast,35
mouths,3
bs,19
term,131
#bbc,8
wheel,3
#breakingnews,3
verify,3
obviously,7
child,16
minutes,14
@margbrennan,3
expose,6
_,3
tries,26
#nbc,6
months,11
#realmadrid,9
@jreginalombardo,3
dems,33
information,73
#liberallogic,3
directed,3
owned,26
king,20
she's,7
@cbsnews,26
completely,5
@whitehouse,13
deserved,3
tired,15
newt,3
rting,30
ratings,33
strip,3
credibility,3
@rgomueller,3
#realdonaldtrump,12
wait,41
stop,196
trust,14
#cnn,110
attack,49
@michaelcohen212,6
cameras,3
@ruthieanneccot,3
@europesperance,6
@maddow,28
#charlottesville,479
@johncooper0610,12
@mcgilh,3
alveda,12
pipe,17
@alvedaking,3
concerning,3
#italy,3
italian,3
delegation,3
sirt,3
#libya,3
2nd,5
@nbcnews,23
whites,5
@abc,47
#fakenews/dems,49
black,148
@realjuanpablo,3
#nazinews,3
figure,3
alt-right,77
bringing,12
syphilis,3
shut,43
acting,5
embarrassing,9
#facism,3
@clintupham,5
pretend,6
comments,22
@iambritishreal,3
@owenjones84,3
jenner,3
hand,14
ranking,6
riot,75
#winning,6
@badideasvs,14
try,20
call,327
@mummahall13,3
@foxnewsalert,3
common,14
@xmolonlabex,3
clubs,9
gas,49
@rextilllerson,3
kill,9
nyc,5
days,161
libtards,5
laced,3
@wolfm00n,3
glue,3
cbc's,5
baseball,3
special,5
@billkristol,6
#dishonest,3
#bias,3
#fakesocialmedia,3
@gigitracyxo,3
anti-trust,3
bats,28
noun,6
$vz,6
@aol,6
safety,9
#sedition,6
disavow,131
stupid,29
preaching,5
@nytimes,51
chant,52
euuuhhh,3
oh,39
persecuted,3
unbelievable,12
living,11
@brophydarryl,3
@theleadcnn,15
ever..the,3
smoke,3
#sport,9
ignorant,3
trending,37
#altleft,77
ryt,3
@o_shaw,3
asses,7
#fakepresident,19
heavy,5
@cnnpolitics,36
@timrunshismouth,13
tapper,3
@politicalhedge,3
questions,26
discharged,3
rally,19
campaign,62
@waltshaub,3
thanks,145
golf,10
watching,22
(alt-right,9
track,6
8/15/2017,3
nor,7
slapped,3
strong,15
uttered,3
bit,3
#2018looksgood,3
#abc,9
station,52
#npr,3
based,5
@president1trump,3
@bluesea1964,3
compared,3
pouring,8
questioned,3
removing,3
loving,9
blame,33
yea,3
#disavow,92
minute,113
@sensanders,9
today's,21
@rodstryker,5
absorb,5
kindness,3
twisting,8
@italyinlibya,3
statues,17
visiting,3
final,3
#trustednews,6
hilarious,3
hard,19
(0:04,6
war,35
(0:13,6
#cbs,6
@ktla,12
chad,6
@washingtonpost,30
@frankluntz,9
smeared,3
create,18
door,6
christie,3
stetzer,3
headline,57
misquote,3
bash,6
altleft,9
#goals,3
continues,49
#violent,28
rude,3
anymore,45
stood,60
bitchslapping,3
tv,24
lip,3
beep,6
kits,3
shout,25
tirade,3
apparently,9
death,8
#iambritish,3
#brexit,3
#blacklivesmatter,83
@svdate,3
listened,5
@gremlin6433744,3
#msm,144
sick,32
home,7
tweets,14
#cnnisisis,11
democrat,23
you-,3
sockets,3
delivered,6
arrested,7
@joshrogin,9
jews-,3
@zachariuswho,3
eye,3
claiming,8
wrapped,3
(video)'-thegatewaypundit,6
scarves,3
cannabis,3
completed,3
warns,9
pretty,5
ears,15
witch,5
hunt,5
#fakepres,3
tax,11
promoting,8
@skylarclouds,3
guess,18
mt,3
leftist,23
@prisonplanet,12
fall,6
#shutupfakenews,6
#maga2020,3
#bigot.not,3
@youngdems4trump,3
@abigail86502467,3
@onlytruthnfacts,3
owner,3
brand,5
@joyannreid,12
yourself,7
bigly,3
#charlotteville,3
#monuments,3
@aac626,3
difference,11
@vicstoddard,21
denounces,6
bully,3
@politico,12
is...(wait,3
cloudflare,3
hears,15
@multitasker333,6
@allenwest,64
loathe,3
busted,70
disappear,9
cnn's,93
#gotrump,3
burning,5
allies,3
@kylegriffin1,6
ally,3
@trumpselffunds,6
mirror,9
@sruhle,3
size,3
biggest,19
mom,64
#tcot,92
@sebgorka,6
#liberals,26
moment,13
hurts,8
hate,152
mcmaster,9
@michaeldamsky,3
@gregjkrieg,3
eggs,3
w/o,6
(#potus,3
ridiculous,5
@i3lackirish,6
@chadkubisnc,3
compare,3
lapdog,3
twist,8
cosmetic,3
middle,9
@h4gb4rdceline,15
shouldn't,3
expect,8
print,3
leftists,10
@aporter925,6
excuse,11
#blackout,3
#crybaby,3
#snowflake,3
anyway,5
gop,13
@fox,6
denounce,23
you've,7
$,6
approved,18
hashtags,3
spaces,3
correctly,3
kidding,8
#unprofessional,3
#badtwittering,3
#fakenews,6590
neo-nazi,9
rt,5480
@lilium479,3
f*ck,6
concerned,12
actual,7
recognize,3
calls,119
signer,3
democrats,67
hope,15
@activist360,3
@dogan4rep,3
matter,42
#bothsides,9
#impeachtrumpnow,3
shit.they,12
#cndpoli,6
@x0rz,3
pushes,15
#notmypresident,3
folks,35
none,3
desperately,6
#charlottesviille,18
spin,21
starters,5
definitely,9
#veryfakenews,5
twitter,45
company,6
presidenttrump,9
#media,13
absolute,9
hysteria,17
@ananavarro,21
lao,3
@joey_girardi,6
filthy,7
worth,57
#defenddaca,9
@holmesjosh,6
citizen,29
fucker,3
sat,3
spoke,6
#propaganda,15
pile-on,57
plank,9
@nuuzfeed,6
~,8
removed,19
b-t-f-o,3
obama,88
commies,12
ploy,5
lot,14
closed,7
@michellemalkin,9
shame,22
effed,3
#infowars,3
doubling,3
#nitecafe,3
@rednationrising,5
homework,3
tech,3
sticking,3
websites,3
obnoxious,8
demonstrably,3
@chaos2raptor,3
etc,124
@business,6
outlets,16
25,72
@timodc,3
associated,3
@ransoms_note,3
countries,8
grapefruits,3
deaf,23
you....you,3
teller,3
handle,44
@crueltyfreecat,3
easy,7
jenner's,3
@conservatives,3
devastating,57
disavowed,91
corporation,3
uk,3
services,3
cruelty,3
sun,9
focus,26
doubt,79
reporters,39
real,122
network,43
miss,75
dishonesty,5
getting,29
exposed,10
defenders,3
canada's,6
#mcga,12
@chelseaclinton,22
@theboxthatroxx,3
revolting,3
#cnnisfakenews,10
guilty,5
signature,3
outrage,13
proven,7
@lexicorona2,3
road,6
21st,9
biased,43
@jlptalk,3
(crybaby,3
#fuck,3
@magachimp,89
didn't,99
conf,3
wonderful,9
@joev1973,6
@mrsmalindo,3
money,28
@roydcooper2017,3
europe,11
walmart,6
loud,20
@melods1000,3
@era88,3
kevin,9
@alvedacking,3
#vaccineswork,22
hostile,3
#neverendingbbq,3
locations,18
@cnnbrk,17
time,87
sunday,6
#falseadvertising,3
preach,3
kicking,3
bannon,28
ad,46
@cpcrebellion,6
failure,13
cmon,6
@chickfila,5
explain,3
umm,3
honesty,9
@crtv,9
run,12
free,16
butt,52
terrorists,6
arrogant,6
sanity,70
@joy_villa,72
seriously,89
stream,15
#antivaxx,20
rag,9
hack,9
this...and,3
instead,227
robots,3
ok,38
@brendannyhan,6
hurt,48
quickly,103
global,5
represents,9
wing,9
#rino,3
him2stay,3
interview,12
mule,26
@jparrambide,3
#cnnsucks,6
@sheffcouncil,6
@baseballcrank,3
including,13
@leemarsden7,3
#donaldtrump,5
@bfraser747,5
#poyb,6
#presidenttrump,10
"10,000",9
busts,9
@brentbozell,3
intelligent,8
@chrislhayes,3
@lawrence,5
prez,3
missouri,3
republican,11
anti-hate,32
defends,3
@cassandrarules,14
scorched,38
dying,11
@juddlegum,3
@libertyusa1776,3
cover,56
@jimsciutto,7
account,7
leave,10
zinged,3
aka,5
soetoro,3
@_makada_,3
(@stephenfhayes,3
documentaries,18
#russiagate,11
lastly,18
dinesh,18
d'souza,18
movies,18
@nbcnightlynews,8
caused,22
soooo,3
que,3
answers,3
@rt_america,3
@anyaparampil,3
@walldo,6
posts,6
patriot,6
judah-mcgregor,3
response,60
talks,3
rock,3
@cernovich,12
credit,7
legend,3
integrity,5
@rogerwaters,3
movement,3
jumped,11
disguised,18
fox,137
payments,3
@mrzofty,3
happing,3
care,41
communist,14
result,9
@libfem,3
#republic,3
repeat,3
afraid,6
fought,9
@chuckwoolery,21
objective,5
nice,23
#fakenewsmedia,50
gd,6
sovereignty,3
trumptower,6
delicious,9
bottom,8
evidence,7
hitting,6
@kfile,5
bless,6
complicated,3
investigated,6
rep,6
crowley,6
disgraceful,101
keeping,3
cllr,3
@rafsanchez,6
leader,20
annihilated,3
@sheffieldukip,3
@realeaglebites,16
grandmother,6
@deplorican,3
save,3
is-,3
stupidity,3
@bennyjohnson,3
@sandraopines,38
children,22
distorting,3
@will_c_fischer,6
mein,3
kampf,3
issued,3
pls,11
pedophile/,9
@calidhd,9
avoid,49
tweeting,8
delete,7
dreamers,3
lincoln,5
blm,135
@seamuston80,9
#subversive,3
(at,6
journalist,27
nbc,5
broadcast,8
pissing,9
"8,847",3
help,15
@tomcraze,3
#nicetry,3
@kchenette,3
jack,6
#lyingnews,3
division,11
mail,5
@housedemocrats,6
poll,21
supporters,24
ship,9
@underarmour,9
damage,6
ashley,3
condemns,10
world,18
refuses,48
russians,13
#durham,6
house,18
@karennaide,3
@philip_elliott,3
@bov1ce,3
narrative,60
trafficking,9
defend,14
kept,5
sinking,3
check,11
#cnnblackmail,3
#unitedstates,3
titanic,3
label,5
@ellinude,3
@cillizzacnn,5
@kristindonnelly,8
#alexjones,5
@kierstongotagun,3
let's,15
99%,5
@donlemon,11
ad--again,9
loved,5
explained,3
agree/disagree,3
party,13
praise,3
bizarre,3
@thom2945,3
@daysoftrump,9
breed,3
everyday,3
fanned,12
tells,14
@millennial_matt,6
controlled,6
channel,10
coverage,17
typical,5
wonder,18
@cnni,5
barry,3
stating,6
attacking,14
#deepstate,85
sex,9
victim's,13
chaotic,3
chop,12
ex-con,18
#dtmag,3
somehow,5
@barackobama,8
bigoted,3
@gqforbes4,3
#cnnfakenews,8
cartoon,20
popular,9
train,53
right-wing,18
squashed,9
spinning,5
condemned,15
leftist-marxist,3
finish,3
happened,48
w/obama,3
@fight4truthnow,3
@leslie_h20,3
@subschneider,3
correct,16
mush,9
pressers,6
date,3
buttslam,3
corners,3
preparation,3
#theresistance,3
stuff,12
bait,3
@truth4trump2016,9
@h_alexander,3
#antifaterroristorganization,3
lewandowski,5
@carlbernstein,8
disgusting,45
#blmterroristorganization,3
censors,11
fair,25
watched,31
stand,39
broadcasts,5
@trueeo,3
@repjoecrowley,6
amount,5
paper,3
country,44
directly,72
@richl562,3
@davidchalian,17
meet,5
@darrenkaplan,3
@allahpundit,5
political,14
view,3
solidarity,6
heat,9
agenda,24
started,8
coin,3
england,3
@postpolitics,3
office,35
@saracarterdc,3
sara,3
gorka,3
@heidiprzybyla,3
strange,3
sell,5
bout,5
credentials,5
distorts,13
thinking,11
damn,17
hearing,5
night,10
#whitelivesmatter,15
mother's,13
@maxinerunner,3
#climatechangehoax,15
@drscott_atlanta,43
appropriate,3
#icouldlivewithout,3
@lorencehud,3
cu-17-6809,3
#trudeau,3
@nectar,3
@johnbnyc,3
@mfs2k2,3
@nypost,3
@ny,3
huffpo,3
hahahahaha,3
crownmunicipalityofwestnipissing,3
cult,6
chelsea,5
presidency,6
@loveusadawn,3
@pepesgrandma,3
#farleft,3
brawling,26
@swampcleaners,3
continue,60
#anericahaters,3
@charleshurt,3
#dimms,6
#trumppresser,6
public,81
trash,9
@dwsjca,3
looking,7
@dineshdsouza,9
sonofab**ch,3
(__(__)es,9
bloody,6
vs,119
standing,10
@tvietor08,6
google,21
abt,12
@jlrice0622,3
@kctv5,3
x100,3
#hendos,3
@vetapologist,3
losing,6
giving,10
tolerance,3
frauds...they,3
nationalists,22
@reversingasd,6
@mikedsykes,3
ted,9
post,22
"people!""#fakenews",42
w/,155
radical,59
daily,17
#unhinged,3
indeed,15
sponsors,6
#lunatic,3
@shefflibdems,3
alternative,7
awesome,35
read,25
#alternativefacts,299
"this,the",29
friday,3
@deniernyc,3
beat,39
bigger,10
info,7
@scottmgreer,3
@wellingmichael,3
chaos,3
added,3
@kaitlinkoykar,12
thanked,29
regime,5
employees,3
1/16th,3
#cherokee,3
confederates,6
#iamnothingbutatool,3
slaves,12
absurd,15
@cbcnews,3
rights,3
protest&amp;the,3
wish,8
probably,10
establishment,111
debate,3
aren't,22
@__boaz__,3
@wkyc,3
#racist,10
helping,8
@childlikefaaith,19
spread,22
@americanbobs,3
yeah,10
wuss,8
team,6
dead,9
@eddietonymac,3
peaceful,6
hoo!he,15
angry,18
@secondiusacct,6
dead-end,3
#nazi,7
libs,67
--now,3
destroyed,5
rented,26
else,20
exclusive,3
#bds,3
@huffpostpol,3
brain,10
&amp;the,3
prz,3
+,9
flush,3
@karenyporter,3
@123jerryv123,3
amen,9
elitist,3
relentlessly,3
@eddiecarl4468,6
steve,5
lawyer,8
@blaircottrell89,3
seen,24
@jrcheneyjohn,85
school,3
mother,52
fire,11
outcome,3
@anon6_nvrforget,3
serve,46
mcgregor,3
#firstamendment,3
#stupidpresident,3
@katxarielle,3
100%,26
bravo,6
representatives,3
@gijoeops,45
#republican,3
#conservative,3
flapjaws,3
cruz,6
@pattonoswalt,6
dealing,21
something...got,3
setting,3
infinite,3
abuse,3
@mmassalas,3
traitors,3
ideas,3
briefing,3
#asshole,3
docs,69
disreputable,21
visit,20
#funny,18
victim,33
sack,3
horses**t,3
resign,3
met,3
otherwise,3
appearing,3
@alyssa_c_coon,3
own,23
promoted,20
fanatical,6
manafort,69
@julissaarce,3
usual,13
vote,29
@gop,21
near,3
describing,17
hit,28
retweets,6
covfefe,3
@hgetson,3
reporter...lol,3
@finneyk,3
supporter,16
byrd,5
tell,50
nfl,3
captain,3
counter-protesters,3
@mailonline,3
#nectar,3
#fakenewscnn,24
disappointed,3
claim,32
"term""altright""to",3
lump,3
w/whitesuprmsts(who,3
reallyleft,3
reality,117
@luv18wheels,3
destroy,17
personal,9
mention,14
handed,11
@jeffereyjaxen,3
#russiancollusion,7
[see,3
#nvicp],3
congressmen,6
wasn't,10
@beermantom,9
--,8
update:statement,3
straight,33
@jackposobiec,38
ontariosuperiorcourt,3
@anewthomaspaine,17
#democrat,7
@emilywcvb,3
@wcvb,3
heard,32
@trump4nc,3
thomas,3
fault,35
mongering,3
win,58
@newsthissecond,3
@evolvepolitics,3
opposition,3
level,6
#periscope,3
@project_veritas,26
#jokes,18
parades,3
neo-con,3
legitimate,3
conservative,3
shot,11
filed,5
created,9
hav,3
cronies,3
u'ld,3
truer,3
dsouza,3
@berniesanders,6
bother,45
@davidconklin74,3
unwittingly,3
@9ersorbust,9
accept,3
national,9
impressed,6
@miamiherald,3
didnt,3
shared,3
answer,6
em,14
fail,5
fear,17
@saltytusk,18
@joe012594,3
|,25
mindless,3
lead,16
reached,3
freaking,3
@tatobin2,3
believes,10
documented,3
200+,3
unlike,9
@doctorwerner44,18
2please,42
#humor,18
senator,5
stories,23
mind,10
literally,18
absolutely,30
yemen,3
@zekejmiller,3
program,3
nailing,3
@edatpost,3
ole,3
unnamed,3
@cowboycraig8922,6
worse,14
phony,13
media's,7
organizes,3
die,3
maybe,16
@existentialfish,3
cholera,3
#lies,14
cognitive,3
science,3
delighted,3
@stworg,3
speak,5
@faredavandekaap,6
#graceisadisgrace,6
loot,3
#45,3
tried,10
@agjeffbsessions,3
argue,5
weren't,5
desire,3
contempt,6
set,20
@romaa13,3
@davidmackau,3
bashes,3
#othugma,3
@hale4jesus,3
#georgewashington,5
@trish_regan,3
@danielduerst,15
pay,9
soros,5
attention,7
100s,6
videos,15
@shepnewsteam,5
planet,6
@njdotcom,3
scorecard,3
#stinkatorial,3
*jaw,3
drops*,3
tape,5
sounds,10
mayne,3
friggin,3
twisted,7
father,15
puppet,5
hatred,8
history,21
#makeamericagreatagain,5
jeopardy,3
yall,3
bomb,7
isis,7
ride,3
missile,3
playing,8
existence,3
looks,11
#presstitutes,3
#rinos,3
excoriated,3
@vp,7
@tonykatz,3
goes,14
earth,3
starving,3
socialism,3
quiet,6
@malenachastain7,3
article,10
blown,3
push,9
#imwithher,3
#stillwithher,3
#truth,10
islam,18
@shsanders45,6
trapper,3
nuts,3
bleeding,3
#mediabias,12
#pressconference,9
#nobalance,3
faking,3
training,3
live,21
landslide,3
shutting,6
@bradcrain,115
@murd73,3
fuckin,3
@mikenumber5,3
happen,7
#ass,3
#booty,3
depressing,3
unfiltered,3
evil,21
threatened,3
expresses,3
concern,3
technically,8
rule,5
@jedyork,3
#brickbybrick,3
loses,3
funny,3
sherman,3
manhattan,3
feet,6
@proftomquinn,3
dr,5
alveeda,3
bleed,3
#hannity,8
@thomas1774paine,9
@funder,5
seekers,8
wwii,5
@jackbmontgomery,8
chechen,8
@gabriellahope_,3
epidemic,3
#freepress,3
parking,15
@jnovak_yemen,3
reporterette,3
pics,3
irony,3
kaczynski,3
cheap,3
wrestling,3
id,3
doxx,6
@paperplatemask3,3
@postroz,3
@thamburger,3
@carolleonnig,3
born,6
shocked,3
@communicateconf,3
year's,3
@enca,6
#fikilembalula,6
@ajenglish,3
democraticparty,3
@unclesamschild,10
=,11
thugs,372
"facts""donald",12
subtle,8
direct,6
@fbi,3
asylum,8
@italians4trump,10
racism.are,3
@peterwsinger,3
ain't,5
@politicalmelody,3
@mmpadellan,3
@macnab63,3
farts,3
@jenwoodruff79,3
washington/jefferson,3
drowns,3
committed,9
@tmz,3
drop,3
#bestpresidentever,3
energy,3
@nymike2,3
@heatherunruh,3
charging,6
highly,3
doubt...#fakenews,3
plant,5
stealing,3
@realsaavedra,3
finally,60
rant,5
coming,21
wtp,6
following,9
jake,3
reasons,9
@billoreilly,3
#exposed,15
lovers,3
bots,5
admit,3
missed,7
jax,3
espouses,15
presser,465
trolls,6
@mediaman2009,6
divide,10
remember,13
@fibarda,6
@mscaptain2u,3
reminds,6
@brianstelter,15
handling,3
@paulkrugman,3
clips,3
@anncoulter,29
@mrntweet2,9
reports,14
@foxbusiness,27
forget,5
obummer,3
arent,3
nyt's,3
boss,13
gone,6
counting,18
wtf,5
course,13
@k_jeanpierre,15
duranty,3
meh,3
ap,3
offensive,3
pc,8
creating,3
ones,9
@tkox87,3
source,13
guts,15
minds,6
cease-fire..he,3
blood'...'racism,3
@bane1349,3
@brianzebeaune,3
tyranni,3
gonna,5
#msmsucks,5
#radicalleftterrorism,15
omission,3
@time,3
torn,3
noting,3
us/saudi,3
rise,3
playbook,3
@nach9636,3
fascists,3
walking,3
@sarasidnercnn,9
fooled,28
fools,3
#confederate,12
auschwitz,3
#butcanyoutell,3
cuts,18
#trumpski,3
#trumptower,3
hurting,6
meant,3
#trump2020,10
(@potus,9
incredible,6
@whiteisthefury,3
rethink,8
swim,3
script,3
flip,11
spew,9
@politicalant,6
worst,9
poverty,3
pm,7
netanyahu,7
haters,37
#real,11
conspiracy,10
sudden,3
bias,14
@1dustindavis,3
spare,3
bc,26
ready,5
@bagofcats1,3
@y_soup,3
moab,3
#freakingutes,3
sounding,3
@erictrump,3
exposing,3
amigos!!#destroyamerica,3
reads,3
waiting,3
flushed,3
#rightwingnonsense,3
@brittpettibone,3
@yahoonews,6
gender,3
@thesquoosh,6
theory,6
parents,6
#clearandpresentdanger,9
#sethrich,9
proves,10
liars,15
globalist,14
@trumptrain45pac,47
dallas,7
andretti,6
john,13
voters,25
#draintheswamp,15
throwing,5
@torian_girl,23
@williegeist,3
class,6
mlk,9
rich,8
urstatement,3
include,5
tactics,5
andthisiswhy,3
weknow,3
youdon'tunderstand,3
@chriscuomo,5
thisissue&amp;that,3
meansnothing,3
david,30
sound,5
share,10
silent,8
officer,5
round,9
@pmnewsnigeria,3
@cisco_utahute,3
@patodonald80,3
@utahpigbus,3
grows,3
deny,3
@slavcams,3
18,8
cbo,3
figment,3
censoring,3
#recievebrain,3
assholes,8
#americafirst,7
#defendeurope,9
@classicpopulist,3
@senjeffmerkley,3
#censorship,5
pretending,8
dont,25
pitch,3
arm,8
hipsters,9
#enemyofthestate,9
means,5
grandstanding,8
@dawnellemurray,3
bam,3
park,3
course...and,3
smh,5
#comedy,18
bites,3
viewership,3
rid,5
obvious,22
%,13
fakemedia,3
@s_meredith88,9
denounced,7
fallen,3
cut,3
wapo,3
@junger1975,15
@defensebaron,3
no1,3
accepted,6
tied,3
retard,3
sir,9
infiltrated,7
migrants,3
inquiring,3
shouted,3
@matthijs85,3
@1776realnews,10
@emilynussbaum,3
wit,3
ignorance,3
rolled,3
@honeysiota,3
@hartfordcourant,3
#hartford,3
israel,11
refusing,3
@amandahallwink,3
person,16
blog,3
#democracy,3
behavior,3
#motp,3
#sheffield,3
@dbhnbuckhead,3
begins,8
duke/kkk,3
18yrs,3
dogs,7
onkyb#fakenews,3
well-,3
cares,7
#enemymedia,3
seth,8
join,13
blinded,6
@blackpilledpans,3
#standwithnetanyahu,7
police,17
aligns,3
pile,3
morons,3
#charlotesville,3
mitt,3
romney,3
#faketrump,3
fewer,3
bull,3
force,3
a$$holes,8
quotes,9
possibly,8
color,3
@hoopersx,3
murdered,6
@stacylstiles,25
question,17
#left,7
@renton12345,3
anti,9
#istandwithbannon,6
chemotherapy,6
sadly,3
screamingly,20
seeing,11
treatment,8
#enemy1,9
@joieq101,6
responsible,12
eating,5
@republicriposte,3
@realdonaldtrump's,9
#failingnewyorktimes,3
cant,3
@skynews,3
@millie__weaver,8
fakes,8
@darktriadman,10
plowing,3
beleagured,3
@electricsoul123,3
woman,14
cites,3
@rlyor,3
hypocrites,3
lady,3
@chel_c_cam,3
@reuters,3
hopefully,3
youre,3
@johnmorganesq,3
chase,3
ambulance,3
firm,3
partisan,3
#demorats,3
shhhh...that's,3
increase,3
fuct,3
mad,3
@liberalisland,3
@fcc,3
twists,3
deluding,3
forbid,3
hang,3
@twittachicca,6
@malcolmnance,6
defeated,6
#wapo,5
law,5
@jamesokeefeiii,5
overcome,9
reversals,3
closely,3
cancel,3
licenses,3
crowd,10
@ebonikwilliams,10
owns,9
spewing,5
crooked,6
cute,3
trick,3
trumped,6
congurats,3
#dems,3
dropping,3
diligently,3
topic,3
unwatchable,3
troll,3
vile,9
offense,5
hateful,5
w/@potus,3
greed,3
laziness,3
key,3
drivers,3
killed,8
(antifa,3
@hapa_girl33,3
#trumpwinery,3
@blizzard_ofozz,3
@horzaedeo,3
#alvedaking,5
lost,11
epic-trump,3
@moonhutch,3
@forthepeople,3
#trumptrain,18
practice,3
"#fakenews,alt-left",3
@morning_joe,5
#hatefulviolentleftistdems,3
goin,3
spade,6
(#fakenews,3
scuffles,3
mongers,3
dumber,5
#fcc,3
yourselves,3
beneficent,3
kristol,3
@anntensity,3
heaven,3
benefit,3
hoped,3
chance,5
rolls,3
heckled,3
&lt;-,3
@hardwayten,3
legally,3
workers,3
covered,123
@novaculus,6
#altright/#neonazis,3
@drewliquerman,3
10^8,3
@ethosines,5
deaths,3
#communism,3
loves,5
dc,3
@willmenaker,3
definition,3
fabrications,3
malicious,3
devoid,3
distortions,3
literal,3
idiocy,3
opinion,5
nuance,3
despise,3
ashamed,6
injured,5
alike,3
@jacksgirl5,3
appalling,3
th,3
disrespects,3
harasses,3
mode,3
impeachable,3
djt,6
@marren48,3
34%,3
guy,15
re,5
soon,10
@persiantrumpian,3
losers,3
clock,3
#tikitorchnazis,3
citizens,5
@columbiabugle,3
elected,5
@sonomachristian,5
@createtruespace,6
crazymakers,3
they'll,7
@bfriedmandc,6
fly,6
flags,6
armies,6
@warren_charles1,3
eboni,3
#alwaystrump,3
#fighter,3
#man,3
republicans,6
@mmflint,3
@labuda_robert,3
affiliation,5
foxnews,3
mentor,3
phone,3
@denizk79,3
brandel,3
@kristyswansonxo,3
@duncantrussell,70
fledged,3
allegations,3
meltdown,13
agencies,3
abc,7
returning,3
madness,9
hillary's,3
@coach_plowden,3
@chambleebrandel,3
@lorinor85730053,6
choke,3
deal,5
@nadabakos,6
nationwide,3
records,5
focuses,3
@crnc,3
@dav_middleton,12
unbias,3
flames,9
waddling,3
themselves,10
breaks,3
family,3
pishing,6
@ricet2568,3
widely,3
brexit,6
in-out,6
cc,7
chicago*9-blacks,3
spreads,7
notifications,3
nazism,5
#fights,3
(just,5
cecelia,3
@mmcgarrett,3
blatant,5
@breakfastnews,3
arriving,3
january,3
1788,3
demented,3
#genid,3
far-right,3
sects,3
@jk_rowling,3
retweet,21
equating,3
glorious,3
blowing,3
locus,3
heart,5
contemptible,3
starting,92
fakenews,9
@grrrgraphics,5
views,7
quote,13
i'd,10
@harryslaststand,3
#patheticnews,3
@joelpollak,3
diary,3
#obama,17
@laurenacooley,3
@usmc701952,3
"250,000",3
clinton,13
college,3
award,5
period,6
#ccot,7
supposed,7
@rejectthelies,3
crate,3
@jamin2g,3
homosexual,3
main,3
#nwo,3
wrote,5
pig,3
#god,3
humane,3
propagandists,8
@twitter,5
33-wounded,3
8/13*14*17-2017,3
gods,3
*no,3
supremacists,27
stirring,5
drugs,8
1st,5
scrubbing,5
killer,5
@american1765,133
candy,6
garbage,33
@buzzfeed,5
#trolls,3
#provocative,3
#train,3
#smash,3
mockings,3
insulting,3
bars,6
sticks,9
conduct,3
task,5
muir,3
vega,3
afternoon's,3
digs,3
deeper,3
feeding,5
orgs,3
fraudsters,3
blind,3
stay,3
maggie...you,3
enjoy,5
top,8
@foxandfriends,15
pigs,5
bbc's,6
syke,3
medical,3
@vidmax,6
divisive,3
@imentertained,3
@roamingmil,3
bent,3
@robinmeade,3
@annefrankcenter,3
@iamvicky4trump,3
weapon,3
#radical,3
choice,3
specifically,3
@trader_moe,6
#snowflakes,5
@christiec733,3
@calfreedommom,3
@warrenwarmachi1,3
@waynebogda,3
@climatetalker,3
@jver1,3
moral,7
dear,9
panthers,3
@proudboyscanada,3
plib,3
decoding,3
@judgejeanine,3
naacp,3
involved,3
permit,5
demlogic,3
obama's,3
bio,3
kenya,3
receives,3
psychopaths,3
category,3
sjw,3
china,5
disrupt,3
deep,3
pressconference,3
@brandongroeny,3
bigotry,8
stronger,3
protects,3
@10thamendment,3
sent,3
#korea,3
tuned,3
spoon,3
him!he,3
idea,7
#specialreport,3
sheep,3
mama,3
@conservatexian,3
roasting,3
highlight,3
opportunity,5
madrid,3
hazard,3
defined,3
#pjnet,3
communities,3
dnc,9
raped,3
roasted,3
grow,3
#jimacosta,3
comment,3
@icare4america16,6
@rvawonk,3
stays,3
@sandratxas,6
misrepresentation,3
@phillyd-he,3
grateful,3
build,7
@mchooyah,3
@guypbenson,3
@garywhitta,3
@votevets,3
#hewitt,3
policies,3
hour,3
2017,6
wake,7
participate,3
lyin,3
ackchyually,3
saudi,3
arabia,3
world's,3
writing,5
funder,3
commented,3
titled,5
@spindr,3
vestiges,3
@geonncannon,3
@slack2thefuture,3
*tongue,3
cheek,3
little,7
aggressive,3
#pc,3
alert,5
territory,3
politician,3
#alt-left,3
manure,3
@laudreport,3
@3lectric5heep,3
anyway...back,6
brave,3
treason,6
@angstipated,3
hayes,3
#muzlimterrorists,3
#daca,3
shelf,3
hahahaha,3
ethics,3
earlier,3
narritive,3
jerry,3
agreed,3
pole,3
saving,3
@calmncanny,3
lol...remember,3
@chairmnoomowmow,3
-direct,3
@mathewsjeanne,3
reading,7
names,3
insider,3
characters,6
@hectormorenco,3
insane,3
isn,3
fraudulent,3
subject,6
extreme,6
blitzer,3
opposed,5
simply,3
@sennadar_fel,3
#facts,5
#irony,3
ots,3
thay,3
@buzzfeednews,3
@buzzfeed...were,3
@qeiinanotherlif,3
@crusher_craven,3
@kattimpf,5
cheaper,6
@wolfblitzer,7
link,3
decided,3
condemn,17
tragically,9
accuse,3
@cyril_matvech,3
slavery,5
@carrieksada,11
we've,17
largest,5
bye,17
realize,7
20,84
tweeted,5
15,7
founder,3
rapist,3
supportive,3
book,7
talkin,3
wishing,3
@specialistsfnc,3
@goldsteinbrooke,3
shuts,19
shelled,3
horse's,3
mouth...calling,3
town,78
#fakenewstrump,3
90,7
age,3
lines,3
@rockprincess818,3
quality,3
@usnjack,12
covering,3
hall,78
@synghlee,3
@theblaze,3
network's,18
@whiotv,3
plan,3
stands,3
#democrats,5
printing,3
@libertarianma,3
@eveshead,3
demand,3
terms,3
chalottesville,3
acted,3
slander,18
egg,3
ox,3
newly,3
august,3
11:00pm,3
blunt,3
#alt-right,3
fascist,7
spreaders,3
civil,3
@dangillmor,3
vetting,10
competitive,3
nauseating,3
suffice,9
dayoum,3
fringe,6
truths,18
@nanas_rant,3
steven,3
#theleft,3
mouthing,3
#scumbagcartels,3
#nevertrump,3
noes,3
stone,5
site,103
wicked,9
@pnehlen,196
muddying,3
ramblings,3
sided,7
unfortunately,18
thankyou,3
45th,3
narratives,3
anthony,3
nothing-burger,3
neither,3
perfect,5
terrorism,11
null,3
examples,3
@chucktodd,11
@bravingruin,3
stunt,4
skin,3
diversity,3
@mcspocky,3
crawling,3
deleted,3
gope,6
handles,3
@crossotherside,3
chosen,76
alaska,3
privilege,72
toilet,3
@realkylemorris,3
doj,3
ryan,78
#demmediaborg,3
attempting,3
@ohsusiecue,6
@bobby_axelrod2k,6
@jeneps,3
rebuilding,3
@twooshbot,3
@thelawanon,6
#twoosh,6
140,6
rekts,130
apology,9
@plpolom,3
sorry,9
#fakecongressman,76
charlettesville,3
@bmoz628,2
@afshinrattansi,6
educate,9
@maryannzfoster,3
blasted,7
mary,3
b.s,5
letting,5
#sitdown,72
issue,5
ryan's,76
yelled,2
creates,2
@__0hour1_,18
publicity,2
@sassygayrepub,2
threats,2
goddamn,2
head,74
@beardedgenius,2
@mike_p_williams,2
bragged,2
#impeachtrump,444
mountain,5
gain,5
mccain,7
#maddow,6
moments,7
#girlbye,2
@cgasparino,2
@corybooker,6
@talbertswan,2
@michaeledyson,2
@pattyarquette,2
risk,2
@metfan62,2
mislead,4
#massmedia,4
@thefoundingson,2
beyond,8
#racegate,4
@colettey6,8
illegals,4
@foxnews},80
@juliannassange,50
declares,6
antifa/alt-left,6
fix,16
easier,134
@fuctupmind,90
amazing,44
omg,118
@ravennightmyst,100
mouthpiece,102
perino,100
implies,100
breitbart,106
@mzdivah67,2
#liberalsgonewild,2
#irrational,2
voter,2
immigration,4
fell,8
won,74
wow,8
fooling,2
#realnews,6
@poltoons,4
break,10
panties,80
66,4
@vaxxedthemovie,2
73,4
pro-israel,100
blamed,4
flavor,8
trumpeter's,6
non-partisan,2
debunked,2
desperation,2
#anifa,34
oval,16
save...i.e,2
stat,2
#cancelsubscriptions,2
dipshits,10
#sensanders-chance,2
@sweetatertot2,4
@thefive,12
@avanconia,6
@cchiz5,10
tryin,6
@imwithyou010,2
@falconbob84,2
tapes,2
disinformation,12
context,6
@cnbc,6
favorite,2
@grantstern,2
swastikas,2
@lydamare2003,2
@carrie_kelly17,14
dana,6
unwilling,6
demanded,40
alive,2
@rvadirt,238
@msnbc)-this,4
(@abc,4
impeached,8
cbs,4
counted,10
injure,2
neo-nazis,10
majority,4
@yvonnemichell16,16
apart,8
exact,2
pacquiao,2
bruh,2
@kenpettigrew,2
@politifact,2
donny,2
hey...hey,2
know...read,2
sites,2
whenever,82
@worldnetdaily,6
note,4
@wordsmithguy,10
@afbranco,2
sweden,4
insanely,2
@hisbodydamn,2
@jackhammer29006,2
@rosie,2
reaching,2
@cliftonhfc1,8
tearing,16
refused,40
repudiate,4
fraud,4
intellectual,2
@repscotttaylor,4
precludes,2
#racecard,8
rhetoric,10
@republident,2
progress,2
@missourigop,2
aboard,2
@s_webber,4
haven't,4
@drudge_report,2
blocked,2
heres,2
relevant,2
duke,26
dirty,2
f*****,2
blew,2
crack,14
da,4
#medialiesmatter,4
bust,16
able,36
cocmeatsandwich,2
tribalism,2
@samheughan,2
#trumpfacts,284
study,2
spouting,2
@lvnancy,86
#impeach,10
@orlandosentinel,2
wwiii,86
#kimjongun,86
@therealcornett,8
bullied,6
acknowledge,40
becoming,100
lib,8
@danaperino,8
retweeting,12
@hillaryclinton,8
manhandled,90
trumo,2
2020,2
maga,2
stock,2
market,2
@puppymnkey,10
@mariabartiromo,2
bounds,2
counter,6
{including,80
protest,18
rabid,8
@country_gman,2
@cbs6,2
flag,2
battle,2
coons,2
@ntvnyr173,2
beating,2
seydnorh,2
n.b,2
email,2
web,2
investigating,2
tory,2
nail,2
2x4,2
actionicons,2
treat,2
#mainstream,2
#wakeupamerica,2
act,4
swamp,2
hashtag,2
@needtoimpeach,2
@kencampbell66,2
pseudo,2
delusional,2
jesse,2
cuz,2
@sparklesoup45,2
@614swat,2
@gemmar333,2
@gearmeister,2
juan,4
vicious,2
smarter,2
twice,2
@geoffmiami,6
@davidbrockdc,6
@celesteexdem,2
damaging,2
cohesion,2
tips,2
discern,2
@barbmuenchen,16
right-wingers,2
giggle....you're,2
jimmy,2
implied,2
robert,2
lee,2
grounds,2
tank,8
ages,4
@coreylmjones,4
@cdeshong01,2
serious,2
@jacobawohl,26
@immigrant4trump,4
piece,4
@americanvoterus,84
@jessebwatters,12
liar,20
#nyt,4
rumors,6
#medialiteracy,6
@aayers324,6
removal,4
accosted,4
(who,42
colors,42
permits,8
ignored,12
@joshgremillion,16
bearer,2
#fakecnn,2
#battleofthecoons,2
@drdavidduke,2
@niallstanage,2
duh,2
dudes,2
armed,2
#opsec,2
tracking,2
software,2
bugs,2
equate,2
add,2
#wsj,2
pushed,6
#corporateshills,6
exist,6
@realdonald,6
debunk,6
nk,4
invented,2
@paularaphael306,2
greg,2
@swmegafan,2
@adamcschembri,2
sucker,2
@voxdotcom,2
weeks,2
@1gigisims,2
@peterboykin,6
crazed,2
#foxnews,6
dat,2
azzzz,2
@petervadala,2
#charlottsville,2
@stephenathome,2
fits,2
@secy_state_us,2
@scotsilv,2
@charliespiering,2
hits,6
al,6
@commonsense,2
kids,4
(and,2
@tbrookes954,6
#yellowjournalism,6
msm...um...our,2
hilarious.....#fakenews,2
dividing,10
treated,4
lose,8
74,4
attended,12
@ryan_harkness12,50
nukes...talk,2
#potus45,2
disastrous,2
@thejuanwilliams,8
actions,5
stopped,2
blacks,4
launching,2
incited,2
shooting,6
@steve_janiszak,4
@blairanton,8
conservatives,2
associate,2
39,4
reported,60
@keybnole,2
chicago,2
@charlyatango,2
shoves,2
joy,4
today_a,2
ball,16
@spacex,2
heather's,14
1991,2
@latiffani1,34
excoriates,28
#charolettesville,16
@andywtorre,2
here's,16
lap,2
fun,6
@markdice,10
@conservativetht,10
laugh,8
conflating,42
social,4
@thenormanlear,2
distinction,2
folk,2
@elizabethwila,8
pro,4
@rescuetracker81,18
@maga,2
@arimelber,2
@jamilsmith,2
slipped,2
darkside,2
fiorina,4
blaming,6
carly,4
migraine,2
#fakefootage,2
upsetting,2
#triggered,2
likes,6
79,4
cool,2
@dnc,4
@saysmissy,42
@zogbyanalytics,2
epitome,2
@moveforwardhuge,2
@space_station,2
#politics,2
#feedly,2
@csa_asc,2
@astro2fish,2
limeades,2
sonic,4
sprite,2
lime,2
@astro_paolo,2
you'd,60
@socalmike_sd,2
um,4
russiagate,10
#nevertrumpers,2
78,4
cheering,4
@dumpcomstock,2
center,4
@jlorrig,2
jong,4
suffers,2
steers,2
mal,2
punter,2
#qanda,2
ya,6
splc,4
@khaledeibid,2
@emo_luments,2
1/2,4
devil,2
due,2
putin,8
cookie,2
muslims,4
explative,2
memorial,2
f***,2
letter,2
#antifaterrorist,2
someone's,4
suspicions,2
holo,2
#usa,4
@maynereport,2
trail,2
@magaalways1,4
denouncing,4
@brucestjames,6
@noprogressivism,2
@savannahrb,2
@voguemagazine,4
nj,4
example,2
perpetuating,2
#americans,2
edit,2
clarity,4
gopers,12
pulled,4
#bakedgoods,2
#brexitshambles,2
@traceynyy,2
outhouse,2
@papermakersarmy,2
#eclipse,2
astronomical,2
powers,2
jong-un,2
pussies,2
tucker,2
@vincenzacarovil,2
@nysindy,2
@classiclucia,2
@cwarzel,2
numerous,2
sanders,4
routine,4
scare,2
values,2
@sarahannelouise,2
@cherylcardall,2
b4,2
egregious,2
responsibility,4
vocabulary,4
#virtuesignalling,4
morally,2
stones,2
glass,2
@theghostimpala,2
pictured,2
homemade,2
hiroshima,2
i'll,4
a-bomb,2
brother,2
economy,2
#votersuppression,2
wouldn't,22
past,4
departure,2
@ghalv,2
#fake,6
bombarded,2
@themarkromano,4
predetermined,4
@newttrump,2
writers,2
@davidmoore_7,2
@ingrahamangle,4
@tuckercarlson,2
#headlines,2
honestly,2
caught,4
portrays,2
#thefive,16
#vaccine,2
pt's,2
@brandonjlandry,2
@cssfarmer,2
correct...so,2
pandering,2
dimms,2
@gaywonk,2
spanked,2
khizr,2
khan,2
hands,4
deplorable,2
#impeachmaxinewaters,8
happening,4
pure,8
simple,4
c/n,4
@offcntr,12
stick,2
perpetrated,2
action,2
handled,2
bypassing,2
@miketokes,2
@ten_gop,2
@scottpresler,2
@anomaly1,2
#liberalmedia,2
resist,2
@princeofpast,2
focusing,6
issues,10
@fallingoffearth,4
leaving,4
klan,4
@nbcpolitics,8
82,6
flight,4
@ericliptonnyt,4
raw,4
temperament,6
exists,2
80,8
#obamaisafraud,4
#pusherman,4
@anthonyjdefazio,2
adf,2
confused,2
&amp;amp,2
average,2
humble,2
recognition,2
educated,2
influence,2
claims,12
@dplrabl_infidel,4
#sealedrecords,4
@ynnlr,2
@ish10040,4
@smithcyndycyndy,4
justice,2
fortune,2
listening,2
#guam,4
consider,4
@rightonredstate,4
sentence,2
@hardballchris,10
tomorrow,8
#ttt,2
@nailogical,2
@chrgdup1973,2
@macandgaydos,6
@kingjames,2
@fbaker,2
outlet,2
lightly,2
edited,2
@kayleighmcenany,8
definitive,2
nytimes,2
1945,2
nagasaki,2
pocket.it,4
written,8
ahead,4
@givemeabiscuit,2
@stanley_shedd,2
@tallgirl6262,2
event...not,2
kim,8
#fakenewsfox&gt,2
loops,4
smack,6
@kimguilfoyle,2
stepmom,2
petulant,2
#neilpostman,2
@repsamgraves-,2
editor,2
scaring,2
@youtube,2
reject,2
repugnantly,2
pretends,6
@apurposefulwife,2
@laurajoomer,2
page,4
blog...oh,2
approve,2
#aotd,2
liners,2
worry,4
raggedy,2
@tammygeraldson,2
bankrupt,2
throws,2
smackdown,2
thrower,2
boos,2
hillary,2
lull,4
attacked,6
@goldstarmomtx55,30
carryover,2
supporting,2
racists,8
democracy,4
#gerrymandering,2
mincemeat,6
@rosiegray,2
@hotlinejosh,2
meaning,2
counseling,4
@mccarthyryanj,4
except,24
footage,2
rampage,2
approval,4
match,4
path,4
@jaydub1210,2
@2braptuedbyjc77,2
defended,6
schools,10
saved,4
denied,4
wipe,8
#free,2
t-shirt,2
@momicaof4,2
strategy,2
@collchris,2
curiosity,2
birth,2
hep,2
del's,2
@dylanbyers,2
nick,2
#sad,6
@clanceman65,4
@conserveguitar,4
8billion,2
81,4
distort,2
familiar,2
@ac360,8
bernie,8
@ricksinger,2
anagram,2
#trump'safreak,2
attempt,2
acts,6
@brandiebridgne1,2
demi-troll,2
#cnbc,2
bandwagon,2
@uscpsycho,2
desperate,2
@scott_gilmore,2
"sides,if",56
@ncbgirl,2
@randomlittlemix,10
@sean_spicier,4
extremely,2
assorted,2
1927,4
arrest,4
misinformation,6
fred,4
@kamvtv,2
@angelojohngage,2
@juicypietaster,4
@votetrumppics,2
@greeneyes0084,2
employed,12
@theyearofelan,2
occurred,2
accusing,12
harp,2
berkeley,2
pictures,2
facts!the,2
ent,2
tainted,2
targeting,2
nah,2
genderqueer,2
bisexual,2
@infographicsits,2
@bakari_sellers,2
vacation,2
rachel,2
falling,2
shark,2
primal,2
scream,2
adjunct,2
lunatics,2
cont-,2
weekend,2
#wikileaks,2
levels,2
#paulryan,2
#blacklivesmatters,2
@potstirrercast,2
#sheeple,2
believing,2
@findtruthalways,4
tools,2
repeal,4
@kyle_moo,4
shoot,4
60k,4
hacking,4
franken,4
#liar,4
cops,4
faster,4
proving,8
material,4
harassed,4
@twitnewbee1,38
@resist_libs,54
@kyle63az,54
@trumpiteer,54
@friendlyjmc,4
pe*ing,4
themselves.@potus,4
move,8
votes,10
83,4
pays,4
federal,4
income,4
smart,4
@c1imatehoax,54
referring,2
@subscribetowapo,2
motorists,2
them...plato,2
muhammad,2
aztecs,2
nada,2
northern,2
trans,2
chose,2
84,4
african,4
kat,2
@splcenter,2
#neverforget,2
@jrgusa,2
2015,2
never...ever,2
suddenly,4
@meekkristy,8
disavows,2
pro-globalism/anti-american,2
#obamacare,2
#taxes,2
3.8%,2
@ajmarti95995920,2
(demoncrats,2
single,10
@thewittecat,2
@bethmoorelpm,2
chanting,2
they've,2
innocent,10
gaga,4
huh,4
producer,4
keith,6
endorsed,6
sickening.no,2
@cjheiden6,2
safe,2
86,4
complicity,2
left's,2
suspicious,2
available,2
links,2
@davidchalian's,2
@brianschatz,2
checked,2
replace,2
takes,4
authority,2
hundreds,2
hurricane,2
mis-education,6
weather,2
bodies,2
sacrifices,4
85,4
@theramenphile,2
nazi-in-chief,2
compelling,2
@raiumaxim,2
@twitmaga,50
compulsory,6
changes,18
@covfefe4us,50
indoctrination,6
@abcworldnews,2
paul,78
quick,2
some1,2
swallows,2
bradford,2
eats,2
discussed,2
gosh,2
subscribe,2
wapo....you,2
deter,4
chair,6
ha,8
@degoyable,50
ellison,6
mexicans,4
@mccarron89,2
mooker,2
brainwashed,6
wildest,2
slams,2
#trumpmafia,2
@jenniferhates,2
#americanpravda,2
#impeachorresign,2
#invokethe25th,2
viewers,2
cry,8
@american_jo12,2
winning,14
follow,6
@bls_gov,2
@mikeconnolly54,2
@potus44,2
posing,4
someday,2
bry,2
lmao,4
screwup,2
infected,2
@gracodg,2
aids,2
bigots,4
transgender,4
#lgbt,4
17,4
judgement,4
mexico,8
rushed,4
phrase,4
@juliebaker12,4
burn..#fakenews,4
@newtgingrich,4
clarify,4
@missghost87,2
stated,2
reinforces,6
#stoplying,2
#medialies,2
appreciate,2
@cockymf,2
cheating,4
ferguson,4
@alfredspellman,2
7.5,2
paid,16
u.s,4
wall,10
border,4
#america's,2
tolerating,2
#lefts,2
@4joachim,2
@railgirl1952,2
@eugenegu,2
patriotic,2
summer,2
grieving,2
ultimate,2
youtube,2
@mutsashi1,2
complain,2
oligarchic,14
builds,4
walls,4
#antffa,2
@_ediiaz,2
tears,2
@dannybshaw,2
#crook,2
#crookedhillary,2
groped,4
ugly,4
@emergvictorious,2
@patdollard,2
dependence,2
meltdown...but,2
afterwards,2
feeder,2
acct,2
@humblepips,2
financial,2
kirby,2
loser,2
btw,2
2018,2
#us,2
@muslimiq,2
@anonyops,2
#right,2
#governments,2
@melindathinker,2
-donald,12
climate,12
@hennessyfirst,2
@aaliyahnevaeh7,2
@elizabeth71030,2
imply,2
@bikernole,2
usps,2
update,2
hi-ground,2
silly,2
idiot,4
scaredy,32
@fivethirtyeight,2
#douchebag,2
supremacy,2
holding,2
@proffitt_judy,2
#journalists,2
machine,2
anytime,2
alt-left,640
moron,8
ban,8
taco,4
bowls,4
lemon,6
87,4
soldiers,4
brought,4
@jewhaditm,14
baskets,4
iraq,4
leaking,4
#cyoa,4
motto,8
allow,4
bought,4
hrc,12
entire,16
2/2,10
don,8
#rusdiancollusion,4
45,8
#hypocrisy,24
namecalling,22
@jaredbeck,14
blamegame,22
@ameribot5,2
(other,2
expense,2
failing,4
play,16
@christichat,2
week,2
bashing,2
shouts,2
@kyleinaz_,16
promising,2
@hock_35,2
exercise,4
close,2
hmmmm,2
host,2
messes,2
inauguration,2
audience,2
gitmo,2
#news13,2
@nycmayor,2
@truthseeker126,8
crocodile,2
forceful,2
@femalesfortrump,2
@lyndag1963,2
@breitbartnews,4
air,10
@gopquay,4
88,4
grill,4
decries,2
addicted,2
welcome,4
forex,2
newsworthy,2
fr,2
reliable,2
pass,2
@martina,2
@joniturnerlaw,6
@2a_4us,54
centrist,14
supremacist,6
bone,6
@greggutfeld,2
anchor,4
@lady_liberti,2
ideology,2
@jadubin5,2
@rashalm620,2
spit,4
list,4
#foh,2
bros,2
heather,8
jeremy,2
month,2
women,12
christian,2
#throwunderthebus,2
@erinburnett's,2
guest,2
#charlottesvile,2
dem,2
freedom,2
really...obvious,2
tards,2
@janicetxblessed,2
whatever,2
#fuckyou,6
@godh8swindbags,8
recent,4
@mynews13,2
truthometer,2
wheres,2
kekistanis,4
fellow,4
hesitant,8
@obiwankekobi,4
ran,4
million,4
protection,4
@grhutchens,2
blocks,34
@bosnerdley,2
@ngjennings,2
analysis,2
firing,2
barrels,2
frank,2
ann,2
#ericclanton,2
reason,10
wealthy,4
@senjohnmccain,6
light,8
#propagandapeddlers,2
ago..guess,2
prediction,2
4hrs,2
hero,4
holy,10
@3xtraders,2
refer,4
mob,4
opposite,2
@mirrorpolitics,2
@jaychpjones,6
drivel,2
misnomer,14
#impeachyourself,2
@justanavywife,2
wherever,4
roberts,2
@lovemactrublue,2
unacceptable,4
@shockresistant2,2
anti-trump,2
#thankyou,6
heyer,8
@therealmaddog58,2
warming,2
@vanbadham,2
interpreting,2
@marcusny15,2
coon,2
helmets,4
89,4
3-5,4
illegal,4
chill,2
cowards,2
faced,2
@meetthepress,2
crumbling,2
#fightback,2
@lspesq53_lsp,8
nick-at-nite,4
selective,8
dangerous,4
dressed,14
#ericbolling,2
#foxnewsspecialists,2
fame,2
@javimarroquin9,2
bvllshlt,2
guessing,4
doorsteps,2
#irrelevant,2
@losephine,2
disproves,2
poops,2
@realpotus_45,2
horrible,2
happenings,2
#ronaldreagan,4
process,4
kail,2
tabloid,4
bollocks,2
promotion,2
2faced,2
controlling,2
@the_scally4212,2
vilify,4
kelly's,4
@andersondrlja,2
#prestrump,2
prosecution,2
#cillzilla,2
attacks,4
immigrants,4
92,4
popularity,2
steelers,2
@_bigben7,2
weapons,2
overreact,2
censored,2
@hispanic4dtrump,2
outraged,4
headlines,10
anncoulter,2
#europe,4
#msn,4
cory,2
@magaman78,2
dad,2
@mikecrooks,2
drives,2
sign,4
gay,4
#rednationrising,2
#tucker,6
#veterans,2
so...wow,2
@saramurray,2
rubbish,2
kelly,2
bro,4
gracious,2
computer,6
#top10,2
#survivalguide,2
harley,2
retired,2
@cbseveningnews,2
#grandjury,2
conclusion,2
"ppl,ur",2
#republicans,2
@techquant,2
mars,2
gate,2
front,4
&amp;they,4
wiretapped,10
below,8
*all,8
@baylorfight,2
disagrees,2
q-and-a,2
engineering,2
#blockchain,2
unreal,2
candle,2
(aka,4
@cheistransfer,2
@mrchelseaboss,2
f**k,2
ill,2
#whiterussiansupremacist,2
cheat,2
estate-easiest,2
mas,4
bled,4
bled*,4
cast,8
@poetreeotic,4
#auspol,6
adored,4
#dingotwitter,6
@kelmcguire333,4
surrendered,4
magic,4
@symonedsanders,2
@noland_nyc,2
preaches,2
@marksimoneny,2
positive,2
fizzles,2
former,4
brutally,4
lame,8
@brown_helal,4
whats,2
treats,4
wins,6
ol,4
hahaha,4
#biasedmedia,2
#cesspool,2
@mattmarohl,4
panelists,2
nonsense,74
@barbaralnewsome,2
nc,2
crucify,2
fu,2
faken,2
@laurengilger,4
@jessica_pucci,4
rarely,4
94,6
downfall,2
obsolete,6
limit,2
ckg,2
#iamlaughingoutloud,2
supplying,2
takedown,4
antifa/blm,2
@seldengadawgs,2
equals,2
refreshing,2
breaking911,2
@privateillusion,2
gen,2
fracas,2
ensue,2
#obsturctionistsliberals,2
blood,4
@waynedupreeshow,4
@jihadaeon1,2
@fluffydogattack,2
#char-ville,2
megyn,4
outages,6
considered,2
#terrorism,2
son,4
begged,2
@mrmikecalta,2
woke,2
@ryanjensen2018,2
switch,2
@stranahan,44
@oann,2
@donnacfranco,2
hacked,2
#ice,2
announces,2
unprecedented,2
@fakenewscat,4
#nazihunt,2
#racistasstuckercarlson,2
selling,2
@espn,2
notice,2
#whosmatthewberry,2
#steelernation,2
@victoriaecm,2
@gerritson528,2
polls,6
(,2
@lifewaddiegrace,2
@kaillowry,2
@bcgdv,2
pollen,2
gerritson528,2
booker,2
leaves,2
disgusted,2
@kyleofaz_,4
teams,2
curious,46
dead*,4
@jarjarbug,2
blushing,2
he'd,4
feed,4
@skb_sara,4
funded,4
nuclear,4
appropriately,46
mess,6
iran,4
@thebeardedpros,2
@mzhemingway,2
isnt,2
@ssullivan315,2
@hoffmanllisa,2
#military,2
#1488,2
@kaitlancollins,2
burst,2
bubble,2
98%,2
skeptical,46
bitter,18
93,6
travel,6
fountain,18
91,4
detained,6
#dumbfuck,2
cvmco,2
#truefacts,2
#youtubevideos,2
bennell,2
#afl,2
@johndurkin4,2
@jdickerson,2
praying,2
advance,2
#hateful,2
astonished,2
asswipe,6
tactic,2
six,2
kidnapped,2
colony,2
pizza,2
maddow,2
24/7,4
pissy,2
combat,2
mold,2
mentally,2
@donwulfy718,4
burnnazis,4
stake,4
ofcnn,4
building,4
pollution,4
gap,4
betweentrump,4
&amp;these,4
journos,4
delta,6
goodness,2
bribe,2
finance,2
angels,2
rush,4
dude,4
transcript,2
#wordforword,2
#decapitation,4
foxnation,4
*,8
communists,8
@donaldjtrumpjr,2
@pinkcellz,2
boldly,4
ceos,4
senior,4
statements,4
click,4
johnsons,2
@philmccrackin44,10
purveyor,8
unless,6
sweet,18
joe,4
@davidmweissman,4
#sundayreads,4
@maryjpitzl,4
@sportsdayhs,2
@lamarvikings,2
4star,2
transfers,2
@nononotnormal,2
photo,2
cries,4
@mimitexasangel,2
@yazeldennis,2
@merck,4
food,2
whisper,2
offenders,2
#opportunistic,2
admits,4
dominick,2
izzo,2
facebook,2
min,2
@chicagofoxnews,2
discussing,4
@collinrugg,2
@flgal4trump,2
protests,2
place?they,2
@mudturtle44,2
@nirtmom,2
@paythefees,2
#corruptmedia,2
50%,4
nato,6
soviet,2
pravda,2
@zimmaga,2
paying,2
policy,4
staffers,2
bolshevists,2
g-d,2
4trump,2
&amp;hateful,2
theyr,2
@stefanmolyneux,2
@steelbackbone,2
classic,4
assertion,2
10thamendment,6
driven,2
champs,2
@ladygaga,2
#ladyantifa,2
@drbencarsonites,2
brown,2
@henryepayne,2
wimpy,2
staged,2
@terrymendozer,2
ditch,2
@dganhadeiro,4
shining,2
numbered,4
#2a,2
studio,2
rogue,2
@macbreck,2
@jcookramirez,2
looked,2
freestyling,2
yanked,2
@$$,2
@christopherjm,2
rocket,2
engine,2
rhino,2
defector,2
proved,4
@gavinnewsom,2
@oldgoat17,2
lover,2
realjameswoods,2
#whitetrash,2
@pkrampa53,2
@jmpalmieri,2
@jmeacham,2
beard,2
&amp;fearless,2
flips,2
#blameonbothsides,2
voldemort,4
he-who-must-not-be-named,4
----get,2
@realredelephant,2
@benhed,2
talent.they,2
@thomaswictor,2
carried,2
towards,2
trump/democracy,2
colusion,2
so-called,2
file,2
bury,2
@judgemoroz,4
97,4
@patrici15767099,2
exaulted,2
grand,2
@realgrace_kelly,2
idiots,2
is....just,2
@jennkent81,2
suggestion,2
grps,2
11,4
assumptions,2
@pastordbmorton,14
@officialmspriss,2
day..how,2
flopping..you,2
consumed,2
evening,2
@ed_grimly,2
scandal,2
cream,4
@tweetybird2009,2
embedded,2
maxine,2
waters,2
implicated,2
barack,4
spying,2
massive,2
rape,2
#hungry,6
#france,6
#england,6
signs,2
#gaslighting,2
total,6
lowlife,2
ms13,4
agreement,4
99,4
homophobes,2
@swin24,2
condemed,2
#browntrash,2
played,2
major,2
@scottwalker,2
scumbags,4
@clarissamehler,2
newsbusters,2
hardballchris,2
sympathy,2
(cause,2
cockroaches,2
@carpedonktum,2
invokes,2
@dadrumpf,2
@mikel_jollett,2
pull,2
#poroshenko,2
builder,2
creation,2
@newsbusters,6
@miamilawman,2
negative,4
commentary,2
@georgegalloway,2
control,2
repulsive,2
misguided,2
ravenous,2
hyena,2
@desideriodc,2
@jbelmont,2
perpetuate,2
@allinwithchris,2
upset,2
10/01/16,2
401,2
20%,2
bums,2
news.using,2
anonymous,2
@drawandstrike,2
@oneejuice,2
@gsw12340,2
@pinpoems,2
overwhelming,2
bet,2
publish,2
@veteran4trump,2
cyclops,2
wizard,2
@dougym,2
nonstop,8
@cnnnewsroom,2
successfully,2
achieved,2
planting,2
comes,2
residents,2
articles,2
identified,2
vandals,2
modern,2
@timsc30,2
brainwashing,2
wisconsin...read,2
nyt,4
calorie,2
ice,2
cookies,2
#justthink,2
screaming,2
wash,2
@realcsmiller,2
friends,2
especially,2
@joedilly_,2
#national,2
enquirer,2
#washingtonpost,2
progressive,6
dominate,4
anti-semitic,2
#jeffsessions,2
idols,4
core,4
mentality,4
@parisdennard,4
@v_of_europe,4
#poland,6
admin,4
deported,4
gang,4
98,6
rating,6
paris,4
binding,4
96,4
lawsuit,4
@danielbrobecker,2
95,6
#gopleader,2
redbubble,2
#fucknugget,2
#faketweet,2
@mordengeist,2
fields,2
*silence*,2
james,2
alex,2
murderer,2
#establishment,2
lack,2
@2chron169,2
audacity,2
@healthranger,2
washpost,2
labels,2
bulls##t,2
screw-up,2
@thecollector86,4
@mamamudaro,2
@timkaine,2
uniforms,2
@marksteynonline,2
produced,2
tupelo,2
@afa,2
wildmon,2
elvis,2
warrior,2
anti-,2
d-5,2
@victoria_eanni,2
@sweetie911,2
#who,2
neonazis,4
@myqkaplan,2
ya'lls,2
misrepresentations,2
fortunately,2
lower,2
#smear,2
#hate,2
spokesperson,2
@janellegcnn,2
1:5,2
johnson,2
shines,2
darkness,4
@danscavino,2
deserves,2
radio,2
@turtlefl,2
confirmations,2
un,4
pos,2
catch,2
guard,2
(((expert,2
@politicususa,2
@mistabronco,2
exclude,2
joseph,2
watson,2
israellycool,2
stretching,2
usmc,2
commander,2
aim,2
@bryan_wuske,2
@imakebirdys,2
@chaseyyy_p,2
@mike__2ff,2
@getbig_23,2
@melaniebuck,2
@ashtjja,2
@truthfighter1,2
#supportingracism,2
airtime,2
@mittromney,2
universe,2
@senwarren,2
pot,2
original,4
@donotfeartrump,2
#callitwhatitis,2
@don_vito_08,2
@alwaysactions,2
@agressiveprog,2
karl,2
up2make,2
afraid2call,2
situation,4
groups?or,2
cracking,2
matrix,2
purveyors,38
threat,10
congress,4
trudeau-right,2
wish-list,8
scheer,8
@basedloristl,72
hitler's,2
dwells,2
marx,2
@buddmann,6
@gsddoglover,4
harmony,4
couldnt,4
@surfingcity,2
regarding,2
socialist,2
saul,2
alinsky,2
smokescreen,2
corruption,2
racial,2
msnbc,2
doubled,2
buzz,2
disseminates,2
led,2
"oh,oh",2
ac360,2
v_of_europe,2
vaccinate,2
anti-science,2
theorist,2
#nothingburgerrussia,2
michael,2
leaked,6
charlotv,2
councilman,2
papers,4
orchration,2
@djtsavesamerica,2
@gunupprotect65,2
moore's,2
consequences,2
mistake,2
#epicfail,2
instigated,2
42,2
#breaking,2
#1,2
#job,2
#investing,2
#haters,2
@dbronson12,2
@dfsgreatagain,2
thats,2
pr,8
@mypres45_maga,2
pleeease,2
64,2
cohn,2
jackass,2
hobby,2
facing,2
citizenship,2
lesson,4
#fakenewscubed,2
seeking,2
cesspool,2
bannon's,2
globalists,2
circle,2
sumthin,2
kno,2
@jschmuck2,2
@sambyhere,2
@wwwillstand,2
concept,2
hitler,2
@indvsbletxlege,2
@markberman,2
@thehwcon,2
"1,000s",4
offer,2
@govabbott,2
77,2
inherited,2
@meiselslazer,2
reduced,2
printed,2
collude,2
spent,2
62,2
taxed,2
ugh,2
75,2
holds,2
magazine,2
covers,2
wrongful,2
discharge,2
collect,2
71,4
environmental,2
awards,2
60,2
patriots,6
screen,2
#womenfortrump,6
excellent,2
iq,2
you...way,2
hammer,4
pump,2
@so_tweetie,2
crying,2
triple,2
bushes,2
68,2
functioning,2
perfectly,2
affordable,2
@ali,2
@radiotalkermike,2
charade,2
hoax,2
48,2
percentage,4
@bettybowers,2
peter,2
59,4
boarding,2
line,2
cvjetanovic,2
46,2
overseas,2
happy,4
57,2
55,2
corey,2
bits,2
@foxnation,10
53,2
fledgling,2
nanny,2
pope,2
iowa,2
@repgwenmoore,4
libtard,2
bracket,4
included,4
manufacturing,2
19,6
51,2
9/11,6
bush's,2
(3/n,2
obligatory,2
references,2
dodging,2
4propagating,2
40,2
hombres,2
44,2
star,2
31,2
@kylie_oneil75,6
27yr,2
jung,2
b/w,2
candidates,2
#fakenews-there,4
fingers,2
@news12,2
offering,2
37,2
flirted,2
35,2
disabled,2
@unseen1_unseen,4
rigged,2
2000ish,8
card,18
crime,2
rapists,2
@globepolitics,8
33,2
alleged,2
sexual,2
bag,2
passes,2
@ahoychrispineda,2
blm/antifa,2
#love,2
#america,2
@maganavajo,2
brilliant,2
shanta,2
oooooh,2
pack,2
breastfeeding,2
challenge,2
#lifeofateacher,2
asswipes,2
@manfowars1,2
@nro,2
minimizes,2
jihadists,2
@carolfb4,2
@ellen4usa,2
@dtexasgal,2
husband,2
@wonder_chick_,2
@fahrenthold,2
56,2
grabbed,2
knocked,2
unconscious,2
muslim,2
@shareaholic,2
@dtmaga1,2
outside,2
76,2
54,2
court,2
wreaked,2
havoc,2
imorision,2
72,2
record,2
@dalehanson82,2
@jessicahuseman,2
doesnt,2
discrimination,2
70,2
population,2
@franmcc14,4
69,2
prime,2
mentions,2
nose,2
67,2
healthcare,2
@marks2cents,2
kessler,2
occupy,2
st,2
soros/media,2
65,2
depleted,2
sander's,2
63,2
gary,2
$200m,2
taxes,2
@johnsonfortexas,2
underlying,2
sustain,2
united,2
61,2
dream,2
designed,60
52,2
tractor,2
obamacare,4
breakdown,2
ah,2
council,2
#petty,2
taught,2
#impeach45,2
38,2
58,2
beautiful,4
hilary,12
ducking,2
#shameonu,2
#nazisoros,2
apprentice,2
50,2
49,2
@charliekirk11,2
21,2
@popeofwelding,2
canada..#fakenews,2
47,2
hs,2
flawless,2
here..but,2
@foxtv,10
36,2
@afausnett,2
43,2
genflynn.whtsupr/nazi,2
trend,2
diversion,2
#trumpcultist,2
29,2
41,2
politicians,2
(besides,2
snowwiener,4
shuffle,4
@shortyoni,2
@blaisegomez12,2
mocked,2
34,2
sue,2
misconduct,2
fat,2
documentary,2
32,2
returns,2
@itsyusky,2
kimberly,2
30,2
alicia,2
machado,2
gaining,2
mexican,2
founded,2
planes,2
27,2
circling,2
amendment,2
corrupt,6
@shantaleemeeder,6
fund,4
candidate,2
offended,2
kwilli1046,4
write,4
@tomilahren,4
prisoners,2
23,2
@kimiw506,2
@avader5,2
@terrymcauliffe,2
weight,2
non-fiction,2
english,2
28,2
abolish,2
26,2
smacks,2
@dcexaminer,6
unseen1_unseen,2
rewrite,2
ofccadjust,4
preparing,2
24,2
profiling,2
syrian,2
refugees,2
22,2
@taninthesummer,2
@jonostrower,2
scoop,2
haha,2
friend,6
hash,2
@foulmouthgandhi,2
@stoptrump2020,2
@cassandra17lina,2
memebers,2
punished,2
#tg,2
13,2
cherish,2
captured,2
#alterntivefacts,2
@stoneyweave,2
originated,2
birther,2
@onelifetogive,2
@anti_msm_news,2
ii,2
#veryfinepeople,2
@jcramirez2014,2
@jakeshieldsajj,2
floyd,2
camp...the,2
@glennthrush,2
self,4
@harlan,4
scalps,2
@vimmafiend,2
review,2
#vaxhole,2
dealt,2
clapping,2
hooting,2
lunch,2
(beside,2
@rupeshk40676650,2
@telanganacmo,2
declared,2
@farrm51,2
dropped,4
smear,58
drought,2
fresno,2
jet,2
cia,2
raping,2
tags,2
abortions,2
16,2
torture,2
brainfreeze,2
generals,2
12,2
leans,2
fuels,2
bahaha,2
jk-nobody,2
ghost,2
zab,2
ko'd,2
half,2
described,2
gem,2
@potvinmj1984,2
@fyremedic1200,2
@kansinghpundir,2
anti-hindu,2
tvreportersalaries,2
@turnbullmalcolm,2
@fairfaxmedia,2
release,8
officials,2
stfu,2
@deronbilous,2
shovel,2
pipeline,2
ground,2
trumpettes,2
bigotted,2
@mikerobbinsusa,2
@homerwhite,2
#fakework,2
yahoos,2
enrages,4
nuanced,2
position,2
@christianllamar,2
spiral,2
downward,2
@bbfohio,2
#domesticterrorist,2
encouraged,2
puppy,2
cnbc,2
biz,2
devolved,2
#freedom,2
govt's,2
aus,2
#murdochracy,2
laws,2
#silencingdissent,2
#violentleft,2
sore-loser-children,2
@hhibeachguy,2
pivotal,2
cld,2
rip:journalism,2
#shadowgov,2
#cnnlies,2
@dailymail,2
cynical,2
victimized,2
thrive,2
generating,2
yr,2
watches,2
billionaire,2
repeats,2
#propoganda,2
@cobracommander,2
address,2
