NULL	100k	6
NULL	11thhour	1
NULL	13thPlace	2
NULL	1A	16
NULL	1TermTrump	1
NULL	1stAmendment	1
NULL	200Days	1
NULL	2016electionpolls	3
NULL	2018Midterms	7
NULL	20deSetembro	1
NULL	210squad	1
NULL	22Jul	3
NULL	24hrs	2
NULL	25Amendment	1
NULL	25thAdmendment	1
NULL	25thAmendmentNow	2
NULL	2A	25
NULL	2a	6
NULL	2ndAmendment	1
NULL	2ndSpecialCouncil	5
NULL	2partyCON	1
NULL	3DPrinting	1
NULL	3rd	1
NULL	45RetweetsFakeNews	1
NULL	4csla	1
NULL	50Shades	1
NULL	5S	1
NULL	5and7	1
NULL	60Minutes	9
NULL	7train	1
NULL	A	1
NULL	A2	1
NULL	ABAAnnual	1
NULL	ABC	14
NULL	ABC730	2
NULL	ADULTcryBABY	1
NULL	AEJMC17	4
NULL	AFG	1
NULL	AFP	1
NULL	AG	19
NULL	AGITATIONPROPAGANDA	5
NULL	AGoodDayIncludes	8
NULL	AHCA	1
NULL	AI	40
NULL	ALTERNATIVEFACTS	1
NULL	ALTFACTS	1
NULL	AMERICAFIRST	1
NULL	AMJoy	8
NULL	AMLO	1
NULL	AMWritinG	2
NULL	AMjoy	4
NULL	ANC	2
NULL	ANTIFAisISIS	1
NULL	AP	3
NULL	AP4Senate	1
NULL	APL	1
NULL	ARD	28
NULL	ATLtraffic	1
NULL	ATardeesua	1
NULL	AWANBROTHERS	4
NULL	Aadhaar	2
NULL	AbcNews	1
NULL	Abe	1
NULL	Abedin	1
NULL	AbelDanger	1
NULL	AccomplceMedia	1
NULL	AccostingACOSTA	1
NULL	Acosta	22
NULL	AcostaIsIdiot	1
NULL	AcostaNostra	1
NULL	AcostaOwned	31
NULL	AcostasPoem	1
NULL	Acosted	1
NULL	ActiveMeasures	1
NULL	AdWorld	3
NULL	AfD	10
NULL	AffirmativeAction	5
NULL	Africa	8
NULL	AfricanAmericans	1
NULL	AgeOfUnreason	1
NULL	AgentsofSHIELD	4
NULL	AgitProp	1
NULL	AlAqsa	4
NULL	AlGore	13
NULL	AlJazeera	1
NULL	Alberta	1
NULL	Aleppo	9
NULL	AlexJonesShow	166
NULL	Algorithm	1
NULL	Algérie	1
NULL	AliWentworth	5
NULL	AllLettersMatter	1
NULL	AllLies	1
NULL	AllTalk	1
NULL	Alphabet	1
NULL	AltCanada	1
NULL	AltFacts	6
NULL	AltRight	15
NULL	AlternateFacts	1
NULL	AlternativeFact	1
NULL	AlternativeFacts	61
NULL	Alternativefacts	4
NULL	AlwaysTrump	2
NULL	AmKenyan	3
NULL	Amabhungane	1
NULL	AmateurHour	2
NULL	AmazinglyFakeNews	1
NULL	Amazon	2
NULL	AmazonWashingtonPost	1
NULL	America	12
NULL	AmericaFirst	87
NULL	AmericaHaters	2
NULL	AmericaIsComingBack	2
NULL	AmericaWinning	1
NULL	Americafirst	1
NULL	AmericanMuslimBrotherhood	1
NULL	AmericanPeople	1
NULL	AmericanPravda	18
NULL	Americans	11
NULL	Americawakeup	1
NULL	Amerikkka	1
NULL	AmirKhan	2
NULL	AmnestyInternational	1
NULL	AmyGoodman	1
NULL	AmélieCarrouer	2
NULL	AndreaMitchell	4
NULL	AndrewKishner	1
NULL	AngelaMerkel	1
NULL	AngelinaJolie	1
NULL	Angst	1
NULL	AnonymousSources	1
NULL	AnthonyScaramucci	2
NULL	AnthonyWeiner	1
NULL	AntiIsrael	1
NULL	AntiTrump	1
NULL	Antifa	4
NULL	AnyDay	1
NULL	ApprovalPolls	3
NULL	ApprovalRatings	1
NULL	AriMelber	1
NULL	Arizona	1
NULL	Armenian	1
NULL	ArnabGoswami	2
NULL	ArrestObama	4
NULL	ArrestSoros	1
NULL	Art	1
NULL	ArticleV	1
NULL	AsahiShimbun	1
NULL	AsahiSimubnTheFakeNews	1
NULL	Assad	2
NULL	Assange	1
NULL	AssholeoftheDay	1
NULL	Astronomy	2
NULL	Atención	3
NULL	Atheist	2
NULL	Atlanticchartersummit	1
NULL	AttackOnDXP	1
NULL	AttemptsToDisrupt	1
NULL	AttorneyGeneral	1
NULL	Australia	2
NULL	AustralianBatteredPotatoHangover	1
NULL	Australians	1
NULL	AutismStorm	1
NULL	AvalancheEffect	2
NULL	AvanTGardE	2
NULL	Awan	195
NULL	AwanBrothers	32
NULL	AwanGate	2
NULL	AwanScandal	2
NULL	B1Less	2
NULL	BAMBA	1
NULL	BB19	1
NULL	BBC	20
NULL	BBCBias	2
NULL	BBCNewspeak	1
NULL	BBCbreakfast	1
NULL	BCpoli	1
NULL	BERNIE2020	1
NULL	BFFs	1
NULL	BFMTV	2
NULL	BHO	53
NULL	BIAS	2
NULL	BILD	1
NULL	BJP	2
NULL	BJPGoons	2
NULL	BJPNewsTrack	1
NULL	BJPRss	7
NULL	BKA	15
NULL	BLM	7
NULL	BPwahl	1
NULL	BREAKING	118
NULL	BREITBART	1
NULL	BREITFARTS	2
NULL	BRINGDOWNTHERING	1
NULL	BRONX	1
NULL	BROOKLYN	1
NULL	BS	4
NULL	BSregistration	1
NULL	BTW17	16
NULL	BTW2017	7
NULL	BUGGING	1
NULL	BUILDTHEWALL	1
NULL	BULLSHIT	1
NULL	BUSTED	1
NULL	BUTTWIPES	1
NULL	BabyTits	1
NULL	BacheloretteFinale	1
NULL	BackDoor	1
NULL	BadDem	33
NULL	BadNews	1
NULL	Balochistan	1
NULL	Balotelli	1
NULL	BanAcosta	3
NULL	BanCNN	1
NULL	BanIslam	23
NULL	BanTheBBC	1
NULL	BanaAlabed	6
NULL	BananaRepublic	1
NULL	Bangladesh	1
NULL	Banking	1
NULL	BarAcosta	1
NULL	Barcelona	1
NULL	BarrettBrown	3
NULL	BarrySortero	2
NULL	Bashing	1
NULL	BasicPay	1
NULL	BatShitCRAZY	1
NULL	Bds	1
NULL	BeatIt	2
NULL	BeautyAndTheBeast	1
NULL	Bedminster	1
NULL	BelieveIt	1
NULL	Believed	1
NULL	Bengaluru	1
NULL	Benghazi	1
NULL	BerlinerSenat	1
NULL	BernardKerik	1
NULL	Bernie	2
NULL	BestBuy	1
NULL	BestTimeline	1
NULL	BetUP	1
NULL	Bialowieza	1
NULL	Bias	2
NULL	BiasAintJournalism	1
NULL	BiasMSM	4
NULL	BiasMedia	2
NULL	Biased	1
NULL	BiasedMedia	5
NULL	Bible	6
NULL	BibleStudy	1
NULL	Bibliotheken	1
NULL	Bieber	1
NULL	Bielefeld	1
NULL	Big	1
NULL	BigData	7
NULL	BigGuyVacay	1
NULL	BigPharma	1
NULL	BiggestLiarsHallOfShame	1
NULL	Bigly	55
NULL	Bild	1
NULL	Bilderberg	1
NULL	BilioAcosta	1
NULL	BillClinton	1
NULL	BirdCageLining	1
NULL	Birmingham	1
NULL	Birthday	2
NULL	Birther	2
NULL	BitcoinCash	1
NULL	BlackoutCNN	49
NULL	Blackwater	1
NULL	BlameAnyStoryOnTrump	1
NULL	BlatantHYPOCRISY	1
NULL	BleachBit	35
NULL	Blindnews	1
NULL	Blocked	1
NULL	BlockedByTrump	1
NULL	Bloomberg	1
NULL	Bluehand	6
NULL	Blumenthal	1
NULL	BobBarker	1
NULL	BobbySticksItInTrump	1
NULL	BobbySticksItToTrump	1
NULL	Bolivarian	23
NULL	Bolling	2
NULL	Bolsonaro2018	1
NULL	Bolt	2
NULL	Bombast	1
NULL	Bond	1
NULL	BonusScene	1
NULL	BoobTubeNation	1
NULL	BookOfGrok	6
NULL	Boom	1
NULL	Boots	2
NULL	BorderCrisis	1
NULL	Bose	1
NULL	BostonGlobe	1
NULL	BotAlert	1
NULL	Bots	9
NULL	BottomFeeders	1
NULL	BowlingGreen	1
NULL	Boxingshill	6
NULL	BoyScoutSpeech	1
NULL	BoyScouts	1
NULL	Boycott	5
NULL	BoycottCNN	10
NULL	BoycottFacebook	1
NULL	BoycottFakeNewsPunch	1
NULL	BoycottFox	1
NULL	BoycottFox29	1
NULL	BoycottFoxNewsSpecialists	2
NULL	BoycottHannity	2
NULL	BoycottHannityAdvertisers	2
NULL	BoycottIsrael	1
NULL	BoycottMSM	15
NULL	BoycottNewsWeek	2
NULL	BoycottNewsweek	1
NULL	BoycottPunchNewspaper	2
NULL	BoycottSinclairBroadcasting	1
NULL	BoycottUSAToday	1
NULL	BrainWashing	1
NULL	Brainwashed	1
NULL	Brainwashing	2
NULL	Brazil	1
NULL	Breaking	115
NULL	BreakingNews	2
NULL	Breibart	1
NULL	Breitbart	4
NULL	Bremen	1
NULL	Brexit	22
NULL	BringBackObama	2
NULL	BringGuptaLeaks	1
NULL	Bringthemhere	1
NULL	Britain	1
NULL	BritishGT	4
NULL	Britsh	1
NULL	Brooklyn	2
NULL	Bubble	2
NULL	Budget2017	1
NULL	Bufale	9
NULL	BugieAlPotere	1
NULL	BuildBabyBuild	1
NULL	BuildTheWall	138
NULL	Built	1
NULL	BullCrap	1
NULL	Bullet	1
NULL	Bullschit	1
NULL	Bullshit	1
NULL	BullshitDetector	1
NULL	Bundesliga	2
NULL	Bundestag	1
NULL	Bundestagswahl	1
NULL	BuonaDomenica	3
NULL	Burger	3
NULL	BurnThisPaper	1
NULL	Busted	4
NULL	ButOnlyIfTrue	1
NULL	BuyableNews	1
NULL	BuzzFeed	3
NULL	Bücher	1
NULL	CAGReport	1
NULL	CBC	2
NULL	CBS	9
NULL	CBSOnAssignment	1
NULL	CCOT	44
NULL	CCSS	2
NULL	CCW	2
NULL	CDCwhistleblower	1
NULL	CDMX	1
NULL	CDNNDG	1
NULL	CDU	3
NULL	CENSORED	1
NULL	CGI	1
NULL	CHORA	1
NULL	CIA	39
NULL	CNBC	2
NULL	CNN	504
NULL	CNNBLACKMAIL	13
NULL	CNNBackmail	1
NULL	CNNBlackMail	2
NULL	CNNBlackOut	2
NULL	CNNBlackmail	24
NULL	CNNBlackout	2
NULL	CNNBogusNews	1
NULL	CNNCredibilityCrisis	1
NULL	CNNDirt	2
NULL	CNNFAKNEWS	12
NULL	CNNFakeNews	2
NULL	CNNISFAKENEWS	5
NULL	CNNIsFakeNews	14
NULL	CNNIsISIS	2
NULL	CNNIsIsis	2
NULL	CNNLIES	2
NULL	CNNLies	1
NULL	CNNMeltdown	1
NULL	CNNMemeWar	38
NULL	CNNMemeWars	2
NULL	CNNMemewars	1
NULL	CNNPolls	1
NULL	CNNSOTU	16
NULL	CNNSUCKS	1
NULL	CNNSucks	6
NULL	CNNUniversity	1
NULL	CNNblackmail	4
NULL	CNNisAJoke	12
NULL	CNNisFAKEnews	11
NULL	CNNisFakeNews	5
NULL	CNNisISIS	36
NULL	CNNisIsis	2
NULL	CNNottelltruth	1
NULL	CNNsucks	2
NULL	CNNwasISIS	1
NULL	COINTELPRO	1
NULL	COLLUSION	2
NULL	COMEY	1
NULL	CONGRESS	4
NULL	CONTINUED	1
NULL	CORRUPTION	1
NULL	CPAC	1
NULL	CROOKED	1
NULL	CROOKEDCONGRESS	1
NULL	CSGO	1
NULL	CStar	2
NULL	CTVNews	1
NULL	CYBERATTACK	1
NULL	Cabal	2
NULL	CableNewsSucks	1
NULL	CaféDas6RJ	1
NULL	Calabresi	2
NULL	Calciomercato	1
NULL	California	1
NULL	CaliphateNewsNetwork	1
NULL	CambiamentiClimatici	1
NULL	Camera	2
NULL	Canada	1
NULL	CanadaFakenews	1
NULL	CancelSubscriptions	1
NULL	CannabisCommunity	2
NULL	Cannes	2
NULL	CarenMiosga	2
NULL	CarlosSlim	2
NULL	Carogne	1
NULL	Cartel	8
NULL	CasoTucker	1
NULL	Castro	2
NULL	Catfish	1
NULL	Catholic	3
NULL	Caught	1
NULL	CdnMedia	1
NULL	CdnPoli	1
NULL	Celebrities	1
NULL	CelulardeMontesinos	1
NULL	Censorship	8
NULL	Centrist	3
NULL	Cervia	1
NULL	Chaos	1
NULL	CharlesBlow	1
NULL	Cheap	1
NULL	CheckYoUberFacts	1
NULL	CherryPicker	1
NULL	ChickenNastyNews	1
NULL	China	3
NULL	Chloe	1
NULL	ChloeAyling	1
NULL	CholaMais	1
NULL	Chrabota	1
NULL	ChrisCuomo	1
NULL	ChristforJews	1
NULL	Christian	2
NULL	ChristianDominionist	1
NULL	Christianity	1
NULL	Christians	14
NULL	ChristoFascism	2
NULL	Chrome	2
NULL	ChuckFraud	2
NULL	ChuckTodd	24
NULL	ChurchMilitants	1
NULL	Cincinnatti	1
NULL	CircusOfIllusion	6
NULL	Cisjordanie	1
NULL	CivilRights	1
NULL	CivilWar	2
NULL	Classic	10
NULL	CleanCoal	1
NULL	ClearAndPresentDanger	4
NULL	ClearlyNotNews	1
NULL	ClenchedFistofTruth	4
NULL	ClickBait	2
NULL	Clickbait	1
NULL	Climat	1
NULL	Climate	1
NULL	ClimateAlarmists	1
NULL	ClimateChane	1
NULL	ClimateChange	10
NULL	ClimateChangeIsReal	1
NULL	ClimateChangeisaHoax	1
NULL	ClimateEngineering	1
NULL	ClimateScams	1
NULL	Climatechange	2
NULL	Clinton	6
NULL	ClintonBodyCount	1
NULL	ClintonCampaign	1
NULL	ClintonCollusion	13
NULL	ClintonFluffer	36
NULL	ClintonFoundation	1
NULL	ClintonGate	10
NULL	ClintonLynchCorruption	2
NULL	ClintonNewsNetwork	4
NULL	Clintons	7
NULL	ClownShoes	1
NULL	CmonMan	1
NULL	Cnn	4
NULL	CnnProtest	2
NULL	CoPolitics	1
NULL	Coinbase	1
NULL	Colbert	1
NULL	Collect	1
NULL	Collusion	18
NULL	CollusionNews	1
NULL	ColorfulLanguage	1
NULL	Comey	21
NULL	ComeyGate	10
NULL	ComeyHearing	3
NULL	ComeyHearings	1
NULL	ComeyTestimony	4
NULL	ComeyTheLeaker	1
NULL	Comeylied	1
NULL	CommonSense	1
NULL	CommunistNewsNetwork	1
NULL	CommunistRag	1
NULL	Compol	2
NULL	ComputerSystems	1
NULL	ComradeTrump	2
NULL	Conan	1
NULL	ConfessYourPopularOpinion	1
NULL	ConfessYourUnpopularOpinion	55
NULL	ConfessYourUnpopularOpinions	4
NULL	ConfidentialSource	1
NULL	CongCashTower	1
NULL	Congress	1
NULL	CongressFor2019	1
NULL	Conservative	1
NULL	Conservatives	5
NULL	ConspiracyTheories	1
NULL	ConspiracyTheory	2
NULL	Constitution	3
NULL	ContentMarketing	2
NULL	Copacabana	1
NULL	Cornwall	1
NULL	Cornyn	1
NULL	CorporateMedia	1
NULL	CorruptMedia	5
NULL	CosmoAcosta	1
NULL	Cosmopolitan	1
NULL	CosmopolitanBias	45
NULL	Costume	1
NULL	Counter_the_lies	1
NULL	CounterfeitNewsNetwork	1
NULL	Coupdetat	2
NULL	Coupedetat	1
NULL	Covering	5
NULL	Covfefe	3
NULL	CowgirlsForTrump	1
NULL	Crazy	1
NULL	CrazyMika	2
NULL	CredibilityChasm	1
NULL	CredibleElectionsKE	1
NULL	CrimeScene	1
NULL	CrimesAgainstOurRepublic	1
NULL	Criminal	1
NULL	CriminalNewsNetwork	1
NULL	Criminals	1
NULL	CrisisActor	2
NULL	Crooked	1
NULL	CrookedComey	1
NULL	CrookedDNC	1
NULL	CrookedDonald	2
NULL	CrookedHillary	15
NULL	Cropping	2
NULL	CrossFitGames	1
NULL	CrossFitGames2017	1
NULL	CryBaby	1
NULL	CryMore	1
NULL	Cstar	1
NULL	Cult45	6
NULL	CultWorshipper	2
NULL	CustomerSince1995	1
NULL	CutTheCable	16
NULL	CyberAttack	1
NULL	CyberBullying	2
NULL	CyberHack	2
NULL	CyberKrieger	1
NULL	CyberSec	14
NULL	CyberSecurity	3
NULL	CyberWar	7
NULL	CynthinaMcKinney	1
NULL	Cyprus	1
NULL	Céfiro120	2
NULL	DADDYTRUMP	1
NULL	DARKSTATE	5
NULL	DC	3
NULL	DCCRIMEFAMILY	1
NULL	DCswamp	1
NULL	DDLcomcorrenza	1
NULL	DE	1
NULL	DEEPSTATE	14
NULL	DEFUNDdefendeurope	1
NULL	DEMOCRATICPLANTATION	1
NULL	DEMS	9
NULL	DEMs	1
NULL	DEPLORABLE	3
NULL	DEPLORABLES	14
NULL	DJ	2
NULL	DJIA	1
NULL	DKShivkumar	2
NULL	DNC	261
NULL	DNCBOT	1
NULL	DNCCollusion	3
NULL	DNCFraudLawsuit	2
NULL	DNCLeaker	1
NULL	DNCLeaks	2
NULL	DNCLibel	1
NULL	DNCTerrorism	1
NULL	DNCcorruption	1
NULL	DNR17	1
NULL	DOJ	2
NULL	DONNY2SCOOPS	2
NULL	DONOTBELIEVETHEHYPE	1
NULL	DOW	86
NULL	DOYOUMAKEMONEYOFFTHIS	1
NULL	DPB	1
NULL	DRAINTHESWAMP	3
NULL	DSMeu	3
NULL	DStv	1
NULL	DTS	29
NULL	DUHNEWS	1
NULL	DWS	25
NULL	DWSResign	1
NULL	DailyDiva	1
NULL	DailyExpress	1
NULL	DailyFail	1
NULL	DailyHeil	1
NULL	Dajjal	1
NULL	DalaiLama	1
NULL	DaleIsISIS	1
NULL	DaleisFAKENEWS	1
NULL	DallasSucks	1
NULL	DamenUrinal	1
NULL	DanRather	1
NULL	DanaLoesch	1
NULL	DarkComedy	1
NULL	DarkMatter	1
NULL	DarkMyths	1
NULL	DataAnalytics	1
NULL	DatesMatter	1
NULL	Dati	5
NULL	DavidBrock	1
NULL	DavidWms	1
NULL	Day	1
NULL	DeVos	1
NULL	DeadManWalking	1
NULL	DeathCertificate	2
NULL	DeathHoax	2
NULL	DebbieDowner	1
NULL	DebbieWassermanSchultz	12
NULL	Deception	1
NULL	DeepState	176
NULL	DeepStateCoup	3
NULL	Defamation	1
NULL	DefendEurope	15
NULL	Definetely	1
NULL	DefundTheCBC	1
NULL	Defundcbc	1
NULL	DeleteTheApp	14
NULL	Delusional	5
NULL	DelusionalDonald	1
NULL	DemDrama	1
NULL	DemExit	1
NULL	DemForce	1
NULL	DemMediaBorg	2
NULL	DemThrones	1
NULL	Democracy	1
NULL	DemocracyDiesInDarkness	3
NULL	Democrat	5
NULL	DemocratCorruption	1
NULL	Democraten	1
NULL	Democrats	22
NULL	Demoncrats	1
NULL	DemonicrapPotty	1
NULL	Dems	8
NULL	DemsGottaGo	1
NULL	Deplorable	1
NULL	Deplorables	5
NULL	Despicable	1
NULL	Deutschland	2
NULL	DevilAndDeval	1
NULL	DevilMedia	1
NULL	Dezinformacja	3
NULL	Diesel	1
NULL	Dieselfahrverbote	1
NULL	Dieselgate	2
NULL	Diffamation	1
NULL	Digital	3
NULL	DigitalAge	1
NULL	DigitalCommunication	1
NULL	DigitalMediaLiteracy	1
NULL	Dims	17
NULL	Diplomats	1
NULL	DippinDots	1
NULL	DishonestMedia	2
NULL	Disinformation	5
NULL	Disney	1
NULL	Disqus	2
NULL	Distraction	1
NULL	Dobbs	6
NULL	DocsOn4	1
NULL	DomesticTerrorists	1
NULL	DominionistCult	1
NULL	DonJrChildrensBooks	1
NULL	DonLemon	1
NULL	DonTheCon	22
NULL	Donald	1
NULL	DonaldTrump	25
NULL	DonaldTrumpJr	1
NULL	DontGetFooledAgain	1
NULL	DontMeanAThingWithoutARing	1
NULL	DontTreadOnMe	1
NULL	Donthecon	1
NULL	Doppelmoral	1
NULL	DovSFriedman	1
NULL	Dow	1
NULL	DowJones	2
NULL	DraftDodgerInChief	1
NULL	DrainDeepState	1
NULL	DrainTheDeepState	1
NULL	DrainTheSewer	70
NULL	DrainTheSwamp	237
NULL	DraintheSwamp	17
NULL	Draintheswamp	3
NULL	DreamerDay	3
NULL	Drones	3
NULL	DrugInfestedDen	3
NULL	DrunkSkunk	5
NULL	Dubai	2
NULL	DuchessofCambridge	1
NULL	Duden	9
NULL	Duloc	1
NULL	DumbA	1
NULL	DumpTrump	6
NULL	Dumpy	1
NULL	Dunkirk	7
NULL	DunkirkMovie	5
NULL	DyingNYT	1
NULL	ECommerce	1
NULL	EMPJ	1
NULL	ESPN2	1
NULL	ESPNBrasil	1
NULL	ESPONAIGE	1
NULL	EU	6
NULL	EVERYONE	1
NULL	EchoChamber	2
NULL	Eclipse	1
NULL	Eclipse2017	3
NULL	Economy	1
NULL	Ecuador	3
NULL	EdButowsky	1
NULL	EdMurrow	1
NULL	Editoria	7
NULL	Education	5
NULL	EducationWhileBlack	1
NULL	EffYou	1
NULL	Egypt	1
NULL	ElectNehlen	3
NULL	Election	2
NULL	Election2016	4
NULL	ElectionDay	2
NULL	ElectionKE	1
NULL	ElectionKE2017	1
NULL	Elections	1
NULL	ElectionsKE	10
NULL	ElectionsKE2017	4
NULL	ElectoralCollege	2
NULL	Elites	1
NULL	Emails	1
NULL	EmolumentsClause	1
NULL	EmperorWannabeTrump	1
NULL	Employment	1
NULL	EnVivoW	1
NULL	EndTheFed	1
NULL	Enemedia	1
NULL	Enemy1	4
NULL	EnemyOfTheAmericanPeople	1
NULL	EnemyOfTheState	4
NULL	EnoughIsEnough	1
NULL	Enquirer	2
NULL	Environment	1
NULL	EnzoBianchi	1
NULL	Epic	1
NULL	EpicFail	2
NULL	EqualNameLove	1
NULL	Equality	1
NULL	Erdogan	1
NULL	Erfindung	1
NULL	EricBolling	15
NULL	Ericboling	109
NULL	Eritrea	7
NULL	EsNoticia	1
NULL	EsquerdaDeMerda	1
NULL	Establishment	1
NULL	EtTuBrute	1
NULL	Europe	10
NULL	Evangelicals	2
NULL	Evidence	1
NULL	Evil	1
NULL	Exactly	1
NULL	ExposeTheLeft	1
NULL	Exposed	1
NULL	Extortion17	1
NULL	F3Heavymetal	1
NULL	FABRICATION	1
NULL	FACE	2
NULL	FACT	1
NULL	FAITHNATION	1
NULL	FAKE	6
NULL	FAKECABINET	1
NULL	FAKECONSERVATIVE	1
NULL	FAKEFAKEFAKE	1
NULL	FAKEJOUNALISTS	1
NULL	FAKEMEDIA	3
NULL	FAKENEWS	1474
NULL	FAKENEWSMEDIA	1
NULL	FAKENEWSPIMP	1
NULL	FAKENews	13
NULL	FAKEPOLL	1
NULL	FAKEPOLLS	3
NULL	FAKEPRESIDENT	8
NULL	FAKETWEET	2
NULL	FAKEfoxnews	1
NULL	FAKEnews	12
NULL	FAUXNEWS	1
NULL	FAkeNews	1
NULL	FBF	2
NULL	FBI	23
NULL	FCC	3
NULL	FCKREL	1
NULL	FDP	12
NULL	FED	2
NULL	FF	1
NULL	FIREHANNITY	68
NULL	FLAKE	1
NULL	FN	3
NULL	FNC	1
NULL	FNN	16
NULL	FOLLOWERS	2
NULL	FOX	17
NULL	FOXLIEHANNITYSWEARS2IT	1
NULL	FOXNEWS	3
NULL	FOXNEWSPROPAGANDA	1
NULL	FOXNews	2
NULL	FOXNewsWorld	1
NULL	FREEFORALL	1
NULL	FROMTrump	1
NULL	FTW	2
NULL	Fabius	1
NULL	Facebook	74
NULL	FacebookLive	1
NULL	Faceless	1
NULL	Fachosphère	5
NULL	Fact	1
NULL	FactCheck	7
NULL	FactChecking	3
NULL	FactCheckingHelps	1
NULL	FactMatter	1
NULL	Factitious	1
NULL	Facts	2
NULL	Factsmatter	1
NULL	FailArmy	1
NULL	Failing	1
NULL	FailingNYT	2
NULL	FailingNYTimes	2
NULL	Failure	1
NULL	FailureFriday	1
NULL	Fairness	2
NULL	FakENewS	2
NULL	Fake	24
NULL	FakeAccount	1
NULL	FakeAccounts	1
NULL	FakeAllegations	9
NULL	FakeAmerican	1
NULL	FakeAmericans	1
NULL	FakeAnalysts	3
NULL	FakeApology	1
NULL	FakeArnabGoswami	1
NULL	FakeBrainCells	1
NULL	FakeCNNPoll	1
NULL	FakeCases	2
NULL	FakeCommentary	3
NULL	FakeCredentials	1
NULL	FakeDeaths	1
NULL	FakeDeepState	1
NULL	FakeDemocracy	3
NULL	FakeDemocraticParty	1
NULL	FakeEars	1
NULL	FakeEncounters	2
NULL	FakeEnthusiam	1
NULL	FakeFace	1
NULL	FakeFake	2
NULL	FakeFakeFake	2
NULL	FakeFollowers	1
NULL	FakeFootball	2
NULL	FakeFox	1
NULL	FakeFoxNews	2
NULL	FakeGOP	2
NULL	FakeGlory	2
NULL	FakeGrandeur	2
NULL	FakeHair	1
NULL	FakeHistory	15
NULL	FakeIndian	21
NULL	FakeIntelligence	1
NULL	FakeInterview	1
NULL	FakeInterviews	3
NULL	FakeJournalism	2
NULL	FakeJournalist	3
NULL	FakeJournalists	2
NULL	FakeJournist	1
NULL	FakeLawyer	1
NULL	FakeLeaks	1
NULL	FakeLips	1
NULL	FakeMedia	6
NULL	FakeNEWS	7
NULL	FakeNEws	2
NULL	FakeNarratives	1
NULL	FakeNewNYT	1
NULL	FakeNews	17294
NULL	FakeNewsAlert	3
NULL	FakeNewsCNN	62
NULL	FakeNewsHannity	2
NULL	FakeNewsIndustrialComplex	1
NULL	FakeNewsJimmy	2
NULL	FakeNewsKills	1
NULL	FakeNewsKing	1
NULL	FakeNewsMedia	88
NULL	FakeNewsPolls	2
NULL	FakeNewsPunch	2
NULL	FakeNewsPunchNewsPapers	2
NULL	FakeNewsRT	1
NULL	FakeNewsTrueNews	1
NULL	FakeNewsWeek	1
NULL	FakeNewsing	1
NULL	FakeNewspaper	1
NULL	FakeOrg	1
NULL	FakeOutrage	1
NULL	FakePOTUS	4
NULL	FakePatriotTrumpVoters	1
NULL	FakePerspn	1
NULL	FakePhoneCalls	7
NULL	FakePic	1
NULL	FakePickle	1
NULL	FakePoll	7
NULL	FakePolls	71
NULL	FakePotus	1
NULL	FakePresident	68
NULL	FakeProsperity	2
NULL	FakeQuote	1
NULL	FakeReporters	3
NULL	FakeRepublicanconversion	1
NULL	FakeScience	12
NULL	FakeSecularism	2
NULL	FakeSocialMedia	1
NULL	FakeSources	7
NULL	FakeSpoilGameofThronesInFiveWords	1
NULL	FakeStreamMedia	1
NULL	FakeStrength	2
NULL	FakeSuspensions	1
NULL	FakeSympathy	1
NULL	FakeTapper	1
NULL	FakeTech	1
NULL	FakeTitle	1
NULL	FakeTrails	1
NULL	FakeTwitterAccounts	1
NULL	FakeUN	1
NULL	FakeVacation	1
NULL	FakeVictims	2
NULL	FakeViews	3
NULL	FakeWinning	2
NULL	FakeYapper	2
NULL	Fakeboo	1
NULL	Fakeclaims	1
NULL	Fakefollowers	2
NULL	Fakemedia	4
NULL	Fakenews	781
NULL	FakenewsCNN	17
NULL	Fakenewsflowchart	3
NULL	Fakepolls	2
NULL	Fakepols	1
NULL	Fakepresident	1
NULL	FakerScience	1
NULL	FakesNews	1
NULL	Faking	1
NULL	Fakten	1
NULL	Faktenchecks	1
NULL	Faktenfinder	1
NULL	FaktyPoFaktach	1
NULL	FallasteMancera	1
NULL	FalseAdvertising	1
NULL	FalseFacts	1
NULL	FalseFlag	4
NULL	FalseFlagOperation	1
NULL	Falseflag	1
NULL	FanTheories	1
NULL	FarRight	8
NULL	Farmers	1
NULL	Fascist	2
NULL	FatLivesMatter	1
NULL	FauxNEWS	1
NULL	FauxNew	1
NULL	FauxNews	12
NULL	Feminism	3
NULL	FeminismIsCancer	3
NULL	Feuer	1
NULL	FightBack	1
NULL	FinallyFoundSomeone	2
NULL	Financial	1
NULL	FindTheLeakers	2
NULL	FineTunedMachine	1
NULL	Fire	1
NULL	FireAcosta	20
NULL	FireCNN	1
NULL	FireChrisWallace	1
NULL	FireClaire	1
NULL	FireComeysHomey	2
NULL	FireFoxNews	1
NULL	FireHannity	417
NULL	FireHannityNow	3
NULL	FireMcMaster	20
NULL	FireMueller	13
NULL	FireMuellerNow	1
NULL	FireSeanHannity	2
NULL	FireTrump	1
NULL	Firemcmaster	1
NULL	Fishrap	1
NULL	FisktheMSM	1
NULL	FixedNews	1
NULL	Flake	1
NULL	Flares	1
NULL	Flashback	1
NULL	FlashbackFriday	93
NULL	FleaSpews	1
NULL	FlipItBlue	7
NULL	Floods	1
NULL	Florida	1
NULL	Fluechtlinge	10
NULL	Flynn	1
NULL	Flüchtlinge	18
NULL	Flüchtlingskrise	3
NULL	Follow	3
NULL	FollowBack	3
NULL	Follower	1
NULL	Followers	1
NULL	FollowtheMoney	2
NULL	FourthEstate	1
NULL	Fox	7
NULL	FoxAndFriends	2
NULL	FoxFakeNews	1
NULL	FoxIsFakeNews	1
NULL	FoxNetwork	1
NULL	FoxNews	77
NULL	FoxNewsFakeNews	1
NULL	FoxNewsSpecialists	28
NULL	FoxNewsisFakeNews	1
NULL	FoxWithoutLicense	1
NULL	Foxnews	3
NULL	France	1
NULL	FranklinCoverup	1
NULL	Frankreich	1
NULL	Fraud	6
NULL	FraudNews	3
NULL	FraudNewsCNN	11
NULL	FraudNewsNYT	1
NULL	FraudNewsNetwork	4
NULL	FraudPresident	1
NULL	FreddyKrueger	1
NULL	FreeKyrieIrving	1
NULL	FreePress	40
NULL	FreeSpeech	5
NULL	Freedom	1
NULL	FreedomOfSpeech	1
NULL	Freeh	1
NULL	Freeloaders	3
NULL	French	1
NULL	FridayFeeling	88
NULL	FridayMotivation	1
NULL	FridayNight	1
NULL	FuSeaWorld	1
NULL	Fuck45	2
NULL	FuckCoryBooker	1
NULL	FuckJakeTapper	1
NULL	FuckYouBots	1
NULL	FuckYouStephenColbert	1
NULL	Fukushima	3
NULL	FunFact	3
NULL	Funny	1
NULL	Furious	3
NULL	Fusion	2
NULL	FusionGPS	2
NULL	G20	2
NULL	GA06	1
NULL	GBO	1
NULL	GDP	1
NULL	GENHRMCMASTER	1
NULL	GEORGESOROS	3
NULL	GERRYMANDERING	1
NULL	GEZmussweg	2
NULL	GLOBALISTS	2
NULL	GMRECALL	1
NULL	GOODNEWS	1
NULL	GOP	11
NULL	GOPHypocrisy	1
NULL	GOPInCrisis	1
NULL	GOPe	2
NULL	GOPpropaganda	1
NULL	GOSPEL	1
NULL	GOT7	1
NULL	GSMCElectionsKERoundtables	3
NULL	GTP_Social	1
NULL	GabFam	1
NULL	Gabriel	2
NULL	Galileo	1
NULL	Galway	1
NULL	GameOfThrones	6
NULL	GameofThrones	1
NULL	GamerGate	1
NULL	Games	4
NULL	Gatlin	1
NULL	GawkerPart2	1
NULL	GayAgenda	1
NULL	GayBlade	1
NULL	Gaza	5
NULL	Gegenmaßnahme	1
NULL	GenX	2
NULL	GeneralKelly	1
NULL	GenieEnergy	7
NULL	Genova	1
NULL	Gent	1
NULL	GenuineIdiot	1
NULL	GeoEngineering	1
NULL	GeorgeSoros	3
NULL	GeraldFord	1
NULL	Gerbils	2
NULL	German	1
NULL	Germany	5
NULL	Gerrymandering	1
NULL	GetAClue	1
NULL	GetALife	1
NULL	GetOverIt	1
NULL	Gewaltrechtfertigung	4
NULL	Giornalai	2
NULL	GiovannaVitale	1
NULL	GlobalWarming	11
NULL	GlobalistPuppets	1
NULL	GloboNews	1
NULL	Glückgehabt	1
NULL	GoAway	1
NULL	GoSebGo	1
NULL	GoT	11
NULL	GoTS7	1
NULL	GodBless	1
NULL	GodBlessAmerica	4
NULL	Godzilla	1
NULL	Godzuki	1
NULL	Goebbels	1
NULL	GoldStandard	1
NULL	Golf	2
NULL	GolfMagazine	2
NULL	GomerPyle	1
NULL	GoodBehavior	2
NULL	GoodBoy	2
NULL	GoodLuck	1
NULL	GoodNews	2
NULL	GoodOldDays	1
NULL	Goofy	1
NULL	Google	18
NULL	GoogleBeforeYouSpeak	1
NULL	GoogleFascism	1
NULL	GoogleManifesto	17
NULL	GoogleMemo	7
NULL	GoogleStreetView	1
NULL	Googlememo	1
NULL	Gop	1
NULL	Gore	1
NULL	Goreeffect	1
NULL	GorillaMindset	2
NULL	Gorsuch	1
NULL	GossipNews	1
NULL	Gov	10
NULL	GrabYourWallet	1
NULL	GrandJury	32
NULL	GrandJuryTime	1
NULL	Great	1
NULL	GreatAmericaAlliance	1
NULL	GregGutfeld	1
NULL	Greta	1
NULL	GreyLadyLies	1
NULL	Grok	9
NULL	Gruene	9
NULL	GrumpyGrandPa	1
NULL	Grundeinkommen	3
NULL	Guam	1
NULL	Guardian	1
NULL	Guccifer	1
NULL	GunNuts	2
NULL	Guptas	1
NULL	Gutfeld	2
NULL	HAHAHA	1
NULL	HAHAHAHA	1
NULL	HANNITY	2
NULL	HATETRUMP	1
NULL	HBCartoonFest	8
NULL	HBO	1
NULL	HELP	2
NULL	HILLARYS	2
NULL	HNA	1
NULL	HOAX	5
NULL	HRC	1
NULL	HRW	1
NULL	HUGE	1
NULL	HYBPA	1
NULL	Hack	4
NULL	Hacks	14
NULL	Haiti	1
NULL	Half	1
NULL	Halloween	1
NULL	Hamburg	1
NULL	Hamilton68	1
NULL	HandShakeCoverage	1
NULL	Hannity	151
NULL	HannityInJail	1
NULL	HannityToTheRescue	2
NULL	HappeningNow	1
NULL	HappyBirthdayPresidentObama	1
NULL	HappyFriday	1
NULL	HashTag	1
NULL	HashtagWars	1
NULL	Hass	1
NULL	Hate	1
NULL	HateHoax	1
NULL	HateMedia	1
NULL	HateNews	1
NULL	HateRunMedia	2
NULL	HateSpeech	4
NULL	Hatebook	1
NULL	Hated	1
NULL	Haters	2
NULL	HeadFakeNews	1
NULL	Headlines	1
NULL	Heads	1
NULL	Healthcare	2
NULL	HealthcareFraud	19
NULL	HealthyEating	1
NULL	HedgeFundMedia	1
NULL	Hedging	3
NULL	HelpThemselves	1
NULL	Helsinki	1
NULL	Henniedehaan	1
NULL	HeritageFoundation	1
NULL	HeyTwitter	1
NULL	Hezbollah	1
NULL	HiCrush	1
NULL	HidingNews	1
NULL	Hilarious	1
NULL	Hilbot	1
NULL	Hillary	11
NULL	Hillary2016	1
NULL	Hillary4Prison	1
NULL	HillaryClinton	12
NULL	HillaryForPrison	2
NULL	HillaryMediaCollusion	1
NULL	Hillarylost	1
NULL	HinduSena	8
NULL	Hiroshima	1
NULL	History	3
NULL	HitJobs	2
NULL	HitPiece	6
NULL	Hitler	1
NULL	HoaxScandals	2
NULL	Hoaxes	4
NULL	HoldYourHorses	1
NULL	Hollande	1
NULL	Hollywood	5
NULL	HollywoodNews	6
NULL	Homöopathie	7
NULL	Hooton	1
NULL	HoustonHobbyAirport	1
NULL	How	1
NULL	HowIWillBeRemembered	2
NULL	HuffPo	1
NULL	HuffPost	2
NULL	HuffPuffPost	1
NULL	HuffingtonPost	2
NULL	Huffpo	1
NULL	Huma	2
NULL	HumaAbedin	1
NULL	Humanrights	1
NULL	HumptyDumpty	1
NULL	HurtingLowSkillWorkers	1
NULL	Hypocrisy	4
NULL	Hypocrite	3
NULL	HypocriticalLyingGrifter	1
NULL	I	1
NULL	IA	1
NULL	IAmHappiestWhen	7
NULL	IAmNotACrook	1
NULL	ICO	1
NULL	ICYMI	6
NULL	IEPEC	1
NULL	IMAGINE	1
NULL	IMMIGRÉS	5
NULL	IMPEACHMENT	1
NULL	IMPEACHTHEPEACH	3
NULL	IMPEACHTRUMP	1
NULL	IMPOTUS	3
NULL	IMWBrescia	1
NULL	INFOWARS	3
NULL	INSULTING	1
NULL	IRGC	1
NULL	ISIS	5
NULL	ISTANDWITHDANA	11
NULL	ISpeakEnglishJim	1
NULL	IStandWithBolling	4
NULL	IStandWithEric	122
NULL	IStandWithEricBolling	239
NULL	IStandWithHannity	10
NULL	IStandWithTRUMP	92
NULL	IT	2
NULL	ITRaid	1
NULL	IWillDefend	11
NULL	IamGujarat	1
NULL	Idiocy101	1
NULL	IdiotAlert	3
NULL	IdiotDems	23
NULL	IdiotTrump	1
NULL	IdiotTrumpSupporters	1
NULL	Idiots	5
NULL	IfTwitterDidntExist	87
NULL	Ignorance	1
NULL	IgnorantDeplorables	1
NULL	IllegalLeaks	1
NULL	Illegale	1
NULL	Illuminati	1
NULL	Immigration	13
NULL	Impeach	1
NULL	Impeach45	2
NULL	ImpeachTheOrangeTinyHandMan	1
NULL	ImpeachTrump	94
NULL	ImpeachTrumpNow	6
NULL	ImpeachTrumpPence	1
NULL	Impotus	1
NULL	Improv	1
NULL	ImranAwan	59
NULL	IncidentalCollection	1
NULL	Incredible	1
NULL	Independents	4
NULL	India	1
NULL	Indikatoren	1
NULL	Industry	1
NULL	Infobésité	2
NULL	Information	2
NULL	InformationWarfare	1
NULL	InformeKroll	21
NULL	Innovation	2
NULL	InsanityHannity	1
NULL	InsideParliament	7
NULL	Instagram	1
NULL	InsuranceScams	1
NULL	Interesting	1
NULL	InternationalCatDay	2
NULL	Internet	2
NULL	Intervista	1
NULL	Invasion	9
NULL	Invasoren	1
NULL	InvestigativeStories	1
NULL	InvestingTip	1
NULL	Iomangiosolobanane	2
NULL	Iran	2
NULL	IranDeal	1
NULL	Iraq	8
NULL	Irony	1
NULL	Irrelevant	1
NULL	IsBezosTheNewSoros	1
NULL	IsFakeNews	1
NULL	IsItOk	1
NULL	Isaiah25	1
NULL	Islam	3
NULL	IslamicTerrorism	1
NULL	Israel	26
NULL	IsraelLobby	1
NULL	Israelis	4
NULL	IstandwithEricBolling	2
NULL	Italia	1
NULL	ItsABadDayIf	1
NULL	ItsDemocratsAgain	1
NULL	ItsFake	24
NULL	ItsTimeToGoWhen	2
NULL	Iuventa	1
NULL	Ivanka	1
NULL	IvankaTrump	1
NULL	JKRowling	2
NULL	JOB	1
NULL	JUNIORRussia	2
NULL	JacobZuma	1
NULL	JailBird	1
NULL	JailThem	1
NULL	JakeTapper	8
NULL	Jamaica	1
NULL	Jamat	1
NULL	JamesComey	1
NULL	JamesDamore	2
NULL	JaredKushner	1
NULL	JasonKenney	1
NULL	JasonLewis	7
NULL	JeanBricmont	2
NULL	JeanneLambrew	1
NULL	Jedi	1
NULL	JeffFlake	2
NULL	JeliousMuch	1
NULL	Jerusalem	1
NULL	Jesus	2
NULL	JetLagged	1
NULL	Jew	2
NULL	JewWorldOrder	1
NULL	Jews	1
NULL	JihadiJulian	1
NULL	JimAccosta	1
NULL	JimAcosta	70
NULL	JimAcostaIsALoser	1
NULL	JimJustice	1
NULL	Jimmy	5
NULL	Jobs	3
NULL	JobsReport	3
NULL	JoeScarborough	1
NULL	JoeScumbro	2
NULL	JohnAshe	1
NULL	JohnBarron	1
NULL	JohnKenndy	2
NULL	JohnMcCain	5
NULL	JohnMiller	1
NULL	JohnPodesta	2
NULL	JohnnyGosch	1
NULL	JokeNews	1
NULL	Journaleux	1
NULL	Journalism	3
NULL	JournalismIsDead	5
NULL	JournalismisDead	1
NULL	Journalismus	2
NULL	Journalist	6
NULL	Journalists	2
NULL	Jprdl	1
NULL	JudgeJeanine	3
NULL	JudicialWitchhunt	1
NULL	JugendRettet	5
NULL	JugendSchleppt	9
NULL	JustDont	1
NULL	JustSayNoToSinclair	4
NULL	Justice4SethRich	1
NULL	JusticeForSeth	1
NULL	JustinBieber	1
NULL	JustinTrudeau	6
NULL	K12	1
NULL	KAI88DAY	1
NULL	KATIECOURIC	1
NULL	KFCAssault	2
NULL	KIDROCK4SENATE	1
NULL	KILLER	1
NULL	KMReaganRedMichiganA	1
NULL	Kaboom	4
NULL	Kadar	1
NULL	Kalergi	1
NULL	Kampf	1
NULL	Kapitalismus	1
NULL	Karnataka	1
NULL	Kasich	1
NULL	KathyGriffin	1
NULL	KayaJones	5
NULL	KayleighMcEnany	4
NULL	KaziIendelee	2
NULL	KeK	1
NULL	KeepUsSafe	1
NULL	Keepingitreal	1
NULL	Kek	1
NULL	KendrickLamar	1
NULL	Kenya	54
NULL	KenyaDecides	9
NULL	KenyaElections	8
NULL	Kenyans	1
NULL	KenyansDecide	1
NULL	KeralaIsKillingIt	1
NULL	KeralaKillingFields	2
NULL	Killary	1
NULL	KillerCops	1
NULL	KillianDocuments	1
NULL	KimJongUn	1
NULL	KimKardashian	1
NULL	KingOfAllFakeNewsCNN	1
NULL	Kiss	1
NULL	Kivumbi2017	1
NULL	Kleptocracy	5
NULL	Knicks	1
NULL	Koeln	1
NULL	Kony2012	1
NULL	Krieg	1
NULL	Kudos	19
NULL	KushnerRussia	1
NULL	Kłamcy	1
NULL	L1C4	1
NULL	LAIR	1
NULL	LAMESTREAMMEDIA	3
NULL	LATELINE	1
NULL	LActuUkraine	1
NULL	LArteDiEssereFelici	1
NULL	LBC	1
NULL	LCP	1
NULL	LEAKERS	35
NULL	LEAKS	2
NULL	LEFT	1
NULL	LEO	19
NULL	LFC	3
NULL	LFCfamily	1
NULL	LGBT	2
NULL	LGBTQ	9
NULL	LGBTbabes	2
NULL	LIAR	1
NULL	LIARINCHIEF	3
NULL	LIBS	1
NULL	LIBTARDS	4
NULL	LIE	2
NULL	LIES	4
NULL	LIGHT	18
NULL	LIRR	1
NULL	LIes	1
NULL	LMAO	3
NULL	LOCKHERUP	1
NULL	LOCKHIMUP	2
NULL	LOCKhimUP	1
NULL	LOL	7
NULL	LOSER	1
NULL	LOVEtrump	1
NULL	LTCi	1
NULL	LacIGF10	1
NULL	LameStream	1
NULL	LameStreamMedia	1
NULL	LanceGotAnalRapedByGhostParty	1
NULL	Langstrumpf	1
NULL	LaraTrump	2
NULL	LastManStanding	1
NULL	Latvia	9
NULL	Latvija	9
NULL	Lauer	1
NULL	LaughOutLoud	2
NULL	LauraBoldrini	1
NULL	LauraLoomer	1
NULL	Lavrov	1
NULL	Lawsuit	4
NULL	Lazy	1
NULL	LazyBoyTrump	1
NULL	LazyLeftLeadership	2
NULL	Lazyboy	2
NULL	LeCanard	1
NULL	Leadership	1
NULL	Leak	1
NULL	Leakers	33
NULL	Leaking	2
NULL	Leaks	26
NULL	Leer	2
NULL	Left	1
NULL	LeftWing	1
NULL	LeftWingExtremism	1
NULL	Leftism	1
NULL	Leftist	6
NULL	LeftistGroupTherapy	1
NULL	LeftistLies	1
NULL	LeftistLogic	1
NULL	LeftistLyingMedia	1
NULL	LeftistTears	1
NULL	Leftistmedia	1
NULL	Leftists	2
NULL	LeftyHandCream	1
NULL	LegacyMedia	1
NULL	Legalize	10
NULL	Legia	1
NULL	LesEnchanteursReputation	1
NULL	LetTheGamesBegin	1
NULL	LewdNews	1
NULL	Liar	5
NULL	LiarInChief	14
NULL	LiarLiarPantsOnFire	1
NULL	LiarinChief	2
NULL	Liars	13
NULL	LibDems	1
NULL	Liberal	6
NULL	LiberalAgenda	1
NULL	LiberalBias	1
NULL	LiberalBiasedMedia	2
NULL	LiberalDouches	1
NULL	LiberalIdiots	3
NULL	LiberalLiars	1
NULL	LiberalLies	1
NULL	LiberalLogic	8
NULL	LiberalMedia	1
NULL	LiberalOpinionNotNews	2
NULL	LiberalPropaganda	1
NULL	LiberalScum	1
NULL	LiberalTears	1
NULL	LiberalTerrorism	1
NULL	Liberalism	2
NULL	LiberalismIsAMentalDisorder	14
NULL	Liberals	17
NULL	Liberty	1
NULL	Libs	3
NULL	LibtardLogic	1
NULL	Libtards	6
NULL	Libya	7
NULL	Libyan	2
NULL	Lie	3
NULL	Lies	271
NULL	LiesByOmission	1
NULL	Lifestyle	1
NULL	Lindgren	1
NULL	LindseyGraham	3
NULL	LivePD	4
NULL	LiveRadio	1
NULL	Local3	2
NULL	LockDonJrUp	52
NULL	LockHerUp	6
NULL	LockHimUp	1
NULL	LockJaredUp	1
NULL	LockThemAllUp	4
NULL	LockThemUp	2
NULL	Lollapalooza	1
NULL	LomachenkoMarriaga	2
NULL	London	1
NULL	LooneyTunes	1
NULL	LordHolyApostleDeen	1
NULL	LorettaLynch	3
NULL	Loser	2
NULL	Losers	6
NULL	LostCredibility	1
NULL	LouDobbs	5
NULL	LoveTrump	1
NULL	LowRated	1
NULL	LucaBizzarri	1
NULL	Luegenpresse	3
NULL	Lumpy	1
NULL	LumpyShit	1
NULL	LvCDebate	2
NULL	LyinLiars	1
NULL	LyinTrump	1
NULL	LyingMedia	2
NULL	LyingNews	2
NULL	LyingSackOfShit	1
NULL	LyingTrumper	2
NULL	Lynch	4
NULL	LynchGate	11
NULL	LynchLynch	1
NULL	LyricaL	2
NULL	Lückenpresse	3
NULL	Lüge	1
NULL	Lügen	1
NULL	LügenOlaf	1
NULL	LügenPropaganda	1
NULL	Lügengoogle	1
NULL	Lügenpresse	6
NULL	MADEINAMERICA	3
NULL	MADEINUSA	3
NULL	MAGA	1814
NULL	MAGAFirstNews	1
NULL	MAGAMoron	1
NULL	MAGATs	1
NULL	MAINSTREAMMEDIA	2
NULL	MAKEAMERICAGREATAGAIN	1
NULL	MANHATTAN	1
NULL	MASA	4
NULL	MCS17	1
NULL	MEATHEAD	3
NULL	MEDIA	10
NULL	MEGA	2
NULL	MERKE	1
NULL	MEST3NDM	1
NULL	MH17	1
NULL	MIGA	1
NULL	MILLER	1
NULL	MLB	1
NULL	MLSAllStar	1
NULL	MN02	7
NULL	MNBC	1
NULL	MNRA	1
NULL	MO	1
NULL	MORBID	1
NULL	MORE	1
NULL	MOTP	2
NULL	MOsen	1
NULL	MPGA	3
NULL	MSBC	2
NULL	MSM	486
NULL	MSMDems	1
NULL	MSMEDIA	1
NULL	MSMLiars	2
NULL	MSMLies	3
NULL	MSN	8
NULL	MSNBC	24
NULL	MTA	1
NULL	MTL	1
NULL	MTP	1
NULL	MTPDaily	1
NULL	MTWGA	1
NULL	MUFC	1
NULL	MURDER	1
NULL	MUZZLESCOSTA	2
NULL	MYPresident	1
NULL	Maas	15
NULL	MachineLearning	5
NULL	Macron	1
NULL	Macronleaks	1
NULL	Maddow	1
NULL	MadeUpShit	2
NULL	MadeUpStory	1
NULL	MadiganShills	1
NULL	Maduro	1
NULL	Maga	4
NULL	Magicwall	1
NULL	MainStreamMedia	5
NULL	MaisonBlanche	1
NULL	MajorityFM	2
NULL	MakeAmericaGreat	1
NULL	MakeAmericaGreatAgain	107
NULL	MakeAmericaWhiteAgain	1
NULL	MakeAnfieldGreatAgain	1
NULL	MakeBelieveNews	1
NULL	MakeInIndia	1
NULL	MakeMineMilkshake	1
NULL	MakeUpYourMind	1
NULL	Manafort	2
NULL	Manhood	1
NULL	Manipulation	3
NULL	ManmadeTornado	1
NULL	Mantila	1
NULL	ManyToMany	1
NULL	Marcinelle	1
NULL	MarcusHutchins	1
NULL	Marianne	1
NULL	Marines	3
NULL	MarkWarner	1
NULL	Markets	1
NULL	MattLauer	1
NULL	MaxInman	1
NULL	MaxineWaters	1
NULL	MayweatherVsMcGregor	7
NULL	McCain	5
NULL	McDonalds	3
NULL	McEnany	1
NULL	McMASTERisaPATRIOT	1
NULL	McMaster	7
NULL	McMasterFacts	2
NULL	McMasterfacts	2
NULL	McMasters	1
NULL	Media	25
NULL	MediaBias	33
NULL	MediaBlackout	1
NULL	MediaClones	1
NULL	MediaCollusion	1
NULL	MediaHoax	1
NULL	MediaLies	1
NULL	MediaLiesMatter	17
NULL	MediaLiteracy	2
NULL	MediaMainstream	1
NULL	MediaMatters	5
NULL	MediaSilence	1
NULL	MediaTerrorism	1
NULL	MediaWhore	2
NULL	Medien	3
NULL	MegaBanks	3
NULL	MegynKelly	2
NULL	MelanieMueller	2
NULL	Meltdown	6
NULL	Meme	6
NULL	MemeWar	4
NULL	MemoDude	1
NULL	Men	1
NULL	MenDoNotHaveBabies	1
NULL	MensLivesMatter	2
NULL	Menschheitsgeschichte	2
NULL	MentalHealthMatters	1
NULL	Mercer	1
NULL	Merica	7
NULL	Merkel	4
NULL	Messina	1
NULL	Mexico	6
NULL	MichaelAquino	1
NULL	MichelleFields	1
NULL	Michigan	3
NULL	MicroPropaganda	1
NULL	MidiaLixo	1
NULL	MidiaVermelha	1
NULL	Migranten	9
NULL	Migranti	8
NULL	MikePence	4
NULL	Milan	6
NULL	Millennials	7
NULL	Miller	1
NULL	MillerTime	1
NULL	MindControl	1
NULL	MindGames	1
NULL	MinistryofPropaganda	1
NULL	Minnesota	2
NULL	Misinformation	1
NULL	MisleadingNews	2
NULL	Mission	1
NULL	Missouri	1
NULL	Mistress	7
NULL	MitteldeutscheRegionalbahn	1
NULL	Miway	2
NULL	Mombasa	1
NULL	Moments	1
NULL	MondayMorning	2
NULL	MondayMotivation	51
NULL	MoneyMonkey	1
NULL	Monopoly	1
NULL	Montreal	2
NULL	Mooch	2
NULL	More	1
NULL	MoreDemsFraud	2
NULL	MoreFakeNews	1
NULL	MorningJoe	38
NULL	Moro	1
NULL	MoronicPettiness	1
NULL	MoronsAreGoverningAmerica	1
NULL	MosqueBombing	1
NULL	Mosul	1
NULL	Motivate	1
NULL	Mouse	2
NULL	MoveOn	1
NULL	Movimento5Stelle	10
NULL	Mthethwa	2
NULL	Mueller	56
NULL	MuellerGrandJury	5
NULL	MuellerInvestigation	2
NULL	MuellerIsComing	1
NULL	MuellerTime	4
NULL	Mujer	1
NULL	Murdoch	11
NULL	MuremZaPaczuską	4
NULL	Murica	1
NULL	Music	1
NULL	Muslim	1
NULL	Muslim1st	1
NULL	MuslimBan	5
NULL	MuslimBans	1
NULL	MuslimBrotherhood	1
NULL	MuslimInAmerica	4
NULL	Muslims	1
NULL	MustRead	1
NULL	MuteThePress	1
NULL	MuteTheWHPress	1
NULL	MysticRambler	10
NULL	MythBusters	1
NULL	Médias	7
NULL	MídiaBandida	4
NULL	MídiaBandidaESPN	1
NULL	NAFTA	2
NULL	NASDAQ	1
NULL	NATO	2
NULL	NBC	21
NULL	NBCNews	1
NULL	NDAA	1
NULL	NDAcamp	1
NULL	NDDL	3
NULL	NEWMEDIA	2
NULL	NEWS	2
NULL	NEWYORKERS	1
NULL	NEWYORKERSHATE	1
NULL	NFLTrainingCamp	1
NULL	NFP	2
NULL	NFPWeek	1
NULL	NGO	13
NULL	NGOs	1
NULL	NH	1
NULL	NHK	1
NULL	NHS	2
NULL	NHpolitics	1
NULL	NJ	2
NULL	NKorea	3
NULL	NLProc	1
NULL	NOCONFIDENCE	1
NULL	NOES	1
NULL	NOLAflooding	1
NULL	NOS	5
NULL	NOSjournaal	2
NULL	NOTMYPRESIDENT	2
NULL	NPO	2
NULL	NPR	5
NULL	NRA	282
NULL	NRATV	1
NULL	NRL	1
NULL	NSFW	1
NULL	NWO	5
NULL	NYETNYETIS	1
NULL	NYSlimes	2
NULL	NYT	100
NULL	NYTIMES	1
NULL	NYTimes	32
NULL	NYslimes	1
NULL	NYtimes	7
NULL	Nagasaki	1
NULL	Nakajima	1
NULL	NamesDay	9
NULL	NandosDMGathering	3
NULL	NandosDMgathering	1
NULL	NarcissisticPersonalityDisorder	1
NULL	NarrativeEngineers	1
NULL	NasaExposed	2
NULL	NasaPropaganda	1
NULL	NastyWoman	1
NULL	NatalieNougayrede	1
NULL	NationalEnquirer	1
NULL	NationalGirlfriendDay	18
NULL	NationalNightOut2017	1
NULL	NationalOppositeDay	1
NULL	Nazi	1
NULL	NaziGermany	1
NULL	NaziTV	1
NULL	NearZeroIsNotZero	2
NULL	Negative	1
NULL	Neo4j	4
NULL	NeoNazis	1
NULL	Neocons	1
NULL	NeonNettle	1
NULL	Nepostism	2
NULL	Nepotism	2
NULL	NetNeutrality	2
NULL	Netanyahu	3
NULL	Netz	1
NULL	NetzDG	14
NULL	Netzwerkdurchsetzungsgesetz	1
NULL	NeverBuy	1
NULL	NeverEnds	1
NULL	NeverForget	1
NULL	NeverGiveUp	2
NULL	NeverHappen	1
NULL	NeverReadTheComments	1
NULL	NeverTrump	9
NULL	NeverTrumper	3
NULL	NeverTrumpers	3
NULL	New	1
NULL	NewColdWar	1
NULL	NewJersey	1
NULL	NewWorldOrder	3
NULL	Newage	1
NULL	News	151
NULL	NewsCaster	1
NULL	NewsChannels	2
NULL	NewsCorp	1
NULL	NewsCorps	1
NULL	NewsMax	1
NULL	NewsWEAK	1
NULL	Newsbroke	1
NULL	Newsnight	1
NULL	Newspapers	1
NULL	Newsweek	32
NULL	NewsweekFakeNews	1
NULL	NewtLooksLikeCauliflower	1
NULL	Next	1
NULL	Neymar	4
NULL	NeymarJr10	1
NULL	Nicole	1
NULL	NiePotwierdzam	1
NULL	Niedersachsen	1
NULL	Nigeria	2
NULL	Nigerian	1
NULL	NightmareOnElmStreet	1
NULL	Nineties	1
NULL	NintendoSwitch	2
NULL	No	1
NULL	NoCaiga	1
NULL	NoCollusion	1
NULL	NoConfederate	1
NULL	NoConfidence	3
NULL	NoContest	9
NULL	NoCredibility	2
NULL	NoHate	1
NULL	NoHonor	1
NULL	NoLeafyGreens	1
NULL	NoLoyalty	1
NULL	NoMoreDEMOCRATS	2
NULL	NoMoreFakeNews	1
NULL	NoNews	2
NULL	NoPermisoNoCasa	1
NULL	NoRussia	1
NULL	NoTrust	1
NULL	NoWall	1
NULL	NobodyCares	1
NULL	Nonsense	1
NULL	NorthCarolina	1
NULL	NorthKorea	13
NULL	NotFacts	1
NULL	NotInTheBible	1
NULL	NotMyPresident	7
NULL	NotReal	1
NULL	NotRealStockAdvice	1
NULL	NotSureIf	1
NULL	NothingBurger	4
NULL	NothingButCrap	1
NULL	Nothingburgers	1
NULL	NoticiasFalsas	1
NULL	Nov2016Election	1
NULL	Nuclear	4
NULL	NutJob	1
NULL	OBAMA	2
NULL	OBAMAGATE	1
NULL	OBAMAISAFRAUD	7
NULL	OBAMATV	8
NULL	OBESITY	1
NULL	OFA_Sedition	1
NULL	OLine	1
NULL	OMG	2
NULL	OPPOSITENEWS	1
NULL	OSINT	1
NULL	OTD	1
NULL	OUTRAGEOUS	1
NULL	Obama	27
NULL	ObamaCare	1
NULL	ObamaDay	200
NULL	ObamaGate	16
NULL	ObamaLazy	1
NULL	ObamaShadowGovernment	1
NULL	Obamacare	2
NULL	Obamas	1
NULL	ObamasLegacy	1
NULL	Obstructionists	2
NULL	Obummer	1
NULL	Octopus	1
NULL	Ohio	2
NULL	Ohioan	1
NULL	Omar	1
NULL	OneNationUnderGOD	5
NULL	Online	1
NULL	OpenAccess	1
NULL	OperationMockingbird	1
NULL	OpinionofOLine	1
NULL	OpioidCrisis	1
NULL	Opportunity	1
NULL	OrangeJulius	1
NULL	OriginalReporting	1
NULL	Orwell	2
NULL	OrwellWarnedUs	1
NULL	OurMediaBetters	1
NULL	OutOfYourMind	1
NULL	Outfoxed	1
NULL	Outnumbered	5
NULL	Owned	1
NULL	P2	42
NULL	P4SED	1
NULL	PBS	7
NULL	PC	1
NULL	PCBollox	1
NULL	PCNL	1
NULL	PCjub25	2
NULL	PDJT45	1
NULL	PETA	1
NULL	PFHOF17	1
NULL	PFZ	1
NULL	PHOENIX	3
NULL	PHOTOSHOP	1
NULL	PIG	1
NULL	PIMPOTUS	1
NULL	PIZZAGATE	2
NULL	PJNET	6
NULL	PJNet	2
NULL	PLC	1
NULL	PMLIVE	1
NULL	PMSNBC	9
NULL	PONDSCUM	1
NULL	POTUS	171
NULL	POTUS45	2
NULL	POTUSFakeNews	1
NULL	POTUSPolling	1
NULL	POTUSTrump	1
NULL	PR	5
NULL	PROGRESSIVES	1
NULL	PROOF	1
NULL	PROPAGANDA	3
NULL	PROPAGHANDA	2
NULL	PROPGANDA	2
NULL	PRSANCC	1
NULL	PResidenttRUMP	1
NULL	PSG	3
NULL	PSGASC	1
NULL	PUERTORICO	1
NULL	PUTINSBITCH	2
NULL	PUTINSPUPPET	1
NULL	PVV	2
NULL	PW44	1
NULL	PactoContraElHombre	2
NULL	PaidTwitter	1
NULL	Pakistan	1
NULL	PalazzoDucale	1
NULL	Palestine	4
NULL	Palestinian	5
NULL	ParisAccord	1
NULL	ParodySpy	2
NULL	Partisan	2
NULL	Pathetic	2
NULL	PathologicalLiar	3
NULL	Patriots	6
NULL	PatriotsUnited	6
NULL	Pay4Play	2
NULL	PayAttention	1
NULL	PayToPlay	16
NULL	PaytoPlay	6
NULL	Pd	7
NULL	PearlHarbor	1
NULL	Pecker	1
NULL	PedoGate	5
NULL	PedoGateNews	1
NULL	PedoPodesta	1
NULL	Pedogate	1
NULL	Pedophile	1
NULL	Pedophiles	1
NULL	PeeParties	2
NULL	Pelosi	36
NULL	Pence	5
NULL	Pence2020	1
NULL	Pentagon	4
NULL	PeopleAreDumb	1
NULL	PepeSigh	1
NULL	Periscope	8
NULL	Perjury	1
NULL	PgOTUS	1
NULL	PharmaBro	1
NULL	PhoneTranscripts	1
NULL	PhonyAccusations	1
NULL	PhotoGate	1
NULL	Physics	2
NULL	Pinchuk	1
NULL	Pinhead	1
NULL	Pinocchio	1
NULL	Pippi	1
NULL	Pitiful	1
NULL	PizzaGate	27
NULL	Pizzagate	1
NULL	Pizzatime	1
NULL	Pizzgate	3
NULL	PleaseClap	1
NULL	Podcast	6
NULL	Podesta	3
NULL	PodestaEmails	1
NULL	PoeM	2
NULL	PoetrY	2
NULL	Pokerhands	1
NULL	Poland	3
NULL	Police	1
NULL	PolitiUnFact	1
NULL	Political	1
NULL	Politico	2
NULL	Politics	11
NULL	PoliticsNation	3
NULL	PoliticsToday	2
NULL	Poll	2
NULL	Polling	1
NULL	Polls	1
NULL	Popcorn	1
NULL	Pophealth	1
NULL	Porn	1
NULL	Portland	1
NULL	PortlandFreeSpeechRally	3
NULL	PosełJenot	1
NULL	PostTruth	1
NULL	PotCalling	1
NULL	Potineux	1
NULL	Potus	6
NULL	Poutine	1
NULL	PowerfulMiddleClass	1
NULL	PowstanieWarszawskie	1
NULL	PraiseKek	2
NULL	PredictTrumpsMorningTweet	2
NULL	President	40
NULL	PresidentTRUMP	1
NULL	PresidentTrump	57
NULL	PresidentialEndorsement	1
NULL	Press	1
NULL	PressBriefing	9
NULL	PresseAuxOrdres	3
NULL	Presstitutes	8
NULL	PrincePhilip	1
NULL	PrinceWilliam	1
NULL	ProFootballTalk	1
NULL	ProRelForUSA	1
NULL	ProTrump45	1
NULL	Probleme	1
NULL	Procurement	2
NULL	ProfessorWatts	10
NULL	Profughi	8
NULL	Progressive	1
NULL	ProjectMockingbird	1
NULL	ProjectVeritas	4
NULL	PromisesKept	1
NULL	PromotingPropaganda	1
NULL	Propaganda	67
NULL	Propagander	1
NULL	Propoganda	4
NULL	Propos	3
NULL	Prosecuted	40
NULL	Protect	1
NULL	ProtectOurDemocracy	1
NULL	ProtectTheFreePress	2
NULL	ProudAmerican	1
NULL	Ps	1
NULL	PseudoJournalism	1
NULL	PsyOp	7
NULL	PsyOps	5
NULL	PsychoJoe	2
NULL	PsychologY	2
NULL	PumpAndDump	1
NULL	PumpFake	1
NULL	PunchNewsPaper	2
NULL	Puppets	1
NULL	PurpleHeartDay	3
NULL	PushComesToShove	1
NULL	PussyGrabber	3
NULL	PussyGrabbing	2
NULL	Putin	15
NULL	PutinBots	1
NULL	PutinsBitch	1
NULL	PutinsPawn	2
NULL	PutinsPuppet	1
NULL	Putinsaysjump	1
NULL	Putín	1
NULL	Pynchon	1
NULL	QB	1
NULL	QUEENS	1
NULL	Qatar	2
NULL	QuarterBackBattle	1
NULL	QueNOTeEchenCuento	3
NULL	QueNoTeEngañen	1
NULL	R1Ibiza	1
NULL	RAISE	126
NULL	RAISEact	1
NULL	RC	1
NULL	RCAuto	1
NULL	REAL	1
NULL	REALFAKENEWS	1
NULL	REALNEWS	2
NULL	REMEMBER	1
NULL	REPUBLIC	1
NULL	RESIST	5
NULL	RESISTANCE	4
NULL	RHINO	1
NULL	RHONY	1
NULL	RIGGED	1
NULL	RIIA	1
NULL	RINO	10
NULL	RINOS	2
NULL	RIP	3
NULL	RIPfreePress	1
NULL	RIPjournalism	1
NULL	RNC	1
NULL	ROFL	1
NULL	RP	2
NULL	RPV	1
NULL	RRSS	1
NULL	RSSTerror	1
NULL	RT	7
NULL	RUSSIA	2
NULL	RUSSIAGATE	1
NULL	RUSSIAHOAX	5
NULL	RUSSIAN	2
NULL	RWNJs	2
NULL	RaceBaiting	1
NULL	RachelDolezal	1
NULL	RachelMaddow	5
NULL	Racism	2
NULL	Racist	1
NULL	RacistAcosta	1
NULL	RadioBemba	1
NULL	Rag	2
NULL	Raggi	2
NULL	Rai	5
NULL	RailaLastPush	1
NULL	RaiseAct	47
NULL	RapeCulture	2
NULL	Raport	1
NULL	RareTimes	1
NULL	RassegnaStampa	2
NULL	Rassismus	1
NULL	RatherGate	1
NULL	Rathergate	1
NULL	Read	1
NULL	ReadBetweenTheLies	1
NULL	Reading	1
NULL	Reakllnews	1
NULL	RealChange	1
NULL	RealCryBaby	1
NULL	RealDump	7
NULL	RealEconomy	3
NULL	RealFake	1
NULL	RealItalian	2
NULL	RealMadrid	1
NULL	RealMedia	1
NULL	RealNews	205
NULL	RealNewsDTdoesnʻtLike	1
NULL	RealProfilePhoto	1
NULL	RealTalk	2
NULL	Reality	1
NULL	Reallyfakenews	1
NULL	ReasonsNotToSeeAlGoresMovie	2
NULL	Rebel	2
NULL	RebelMedia	1
NULL	RecyclingIsntReal	1
NULL	RedNationRising	8
NULL	Reddit	4
NULL	ReduceTaxes	1
NULL	ReeferMadness	10
NULL	Refugee	4
NULL	RefugeeBan	4
NULL	RefugeeCrisis	2
NULL	RegimeChange	13
NULL	RegressiveLeft	2
NULL	ReinInDC	1
NULL	Renzi	7
NULL	Repeal	1
NULL	RepealAndReplace	2
NULL	RepealandReplaceTrump	1
NULL	ReportAndBlock	1
NULL	ReportHasBeenPublicSinceDec2016	1
NULL	Reported	1
NULL	Reportedly	6
NULL	Reporter	1
NULL	Reporters	1
NULL	Repubblica	1
NULL	Republican	2
NULL	Republicans	2
NULL	Reputation	1
NULL	Resign	2
NULL	Resist	76
NULL	ResistFakeNews	58
NULL	ResistTrump	2
NULL	Resistance	15
NULL	ResistanceMusical	1
NULL	Resistencia	1
NULL	ResistingHate	1
NULL	RethinkIR	1
NULL	Retraction	1
NULL	Retweet	1
NULL	RetweetNayo	1
NULL	Revelations	1
NULL	RezaPahlavi	2
NULL	RhymeS	2
NULL	Rice	3
NULL	RichardBlumenthal	24
NULL	Rick	1
NULL	RightWing	1
NULL	RightorWrong	2
NULL	Rinos	28
NULL	Risit	1
NULL	RobertMercer	2
NULL	RobertMueller	2
NULL	Rock	3
NULL	Rockies	1
NULL	Rome	1
NULL	RootCause	1
NULL	RougeBrun	1
NULL	Rtl	3
NULL	RudyGiuliani	1
NULL	Run	1
NULL	Russia	65
NULL	RussiaBots	1
NULL	RussiaCollusion	20
NULL	RussiaCoverUp	1
NULL	RussiaGate	17
NULL	RussiaHackedOurEmails	1
NULL	RussiaHoax	3
NULL	RussiaProbe	26
NULL	Russiagate	15
NULL	Russian	6
NULL	RussianBots	6
NULL	RussianCollusion	4
NULL	RussianConnection	1
NULL	RussianFatigue	1
NULL	RussianHoax	1
NULL	RussianInvolvement	1
NULL	RussianPropagandist	1
NULL	RussianTV	1
NULL	RussianThreat	1
NULL	RussianTrumpBot	1
NULL	Russianbeef	1
NULL	Russiancollision	1
NULL	Russianmeddling	2
NULL	Russians	9
NULL	Russiaprobe	3
NULL	Russland	1
NULL	RwandaDecides	2
NULL	RyanReedsRelp	1
NULL	Réputation	1
NULL	RéseauxSociaux	2
NULL	Röpcke	2
NULL	S35	2
NULL	SABF2017	2
NULL	SAD	3
NULL	SB3	1
NULL	SCHOOLED	3
NULL	SCOOP	1
NULL	SDLive	1
NULL	SEE	1
NULL	SEO	3
NULL	SERCO	1
NULL	SETHRICH	2
NULL	SEWERNEWS	2
NULL	SJW	2
NULL	SMH	3
NULL	SMM	1
NULL	SMMA	1
NULL	SMMdayIT	2
NULL	SNL	1
NULL	SNOPES	2
NULL	SOCIALISTS	1
NULL	SOROS	2
NULL	SOSVenezuela	1
NULL	SP	8
NULL	SPD	2
NULL	SPECTRUMSTRIKE	1
NULL	SPUTNIK	1
NULL	SSM	6
NULL	STATEN	1
NULL	STFU	1
NULL	STLV	2
NULL	STOP	1
NULL	SUE	1
NULL	SWAMP	18
NULL	SXSW	1
NULL	Sad	7
NULL	Saints	1
NULL	Salvini	1
NULL	SanTacon	1
NULL	Sanders	4
NULL	Sarah	36
NULL	Sarcasm	1
NULL	Sarkexcisés	2
NULL	Satire	2
NULL	SatireSites	1
NULL	SaturdayMorningGroove	1
NULL	SaturdayMotivation	3
NULL	SavedFromTheBrink	2
NULL	SavesBusinessesBillions	1
NULL	SayNoToFakeNews	1
NULL	ScamArtist	1
NULL	Scamming	1
NULL	Scaramucci	3
NULL	ScareTactics	1
NULL	Schadenfreude	1
NULL	ScheinDemokratie	1
NULL	SchizoMike	30
NULL	Schmähgedicht	5
NULL	SchnellesInternet	1
NULL	Schulzzug	2
NULL	Schweden	1
NULL	Science	8
NULL	ScienceDeniers	1
NULL	ScienceMatters	1
NULL	ScoobyGang	1
NULL	ScoobyHints	1
NULL	ScoopOClock	1
NULL	ScotlandYard	1
NULL	SeWord	3
NULL	SealTeam6	1
NULL	SeanHannity	9
NULL	SeanSpicer	2
NULL	Search	1
NULL	SebastianGorka	1
NULL	SebastianIsStayingSuckers	2
NULL	Security	15
NULL	SecurityBreach	1
NULL	Selfie	3
NULL	SenTraitorMcCain	1
NULL	Sensational	11
NULL	Sessions	23
NULL	SessionsHearing	1
NULL	Seth	1
NULL	SethRich	97
NULL	SethRichCoverUp	7
NULL	SethRichMurder	7
NULL	Sethrich	3
NULL	SexualHarassmentFox	1
NULL	Shadilay	2
NULL	ShadowCampaign	1
NULL	ShadowGovernment	1
NULL	Sham	1
NULL	Shame	1
NULL	ShameOnMSM	1
NULL	ShameOnYou	1
NULL	Shaqcast	1
NULL	Sharknado5	9
NULL	ShaunWhite	2
NULL	ShawnLucas	1
NULL	SheInspiresMe	1
NULL	Sheffield	1
NULL	SheldonAdelson	1
NULL	ShepardSmith	5
NULL	Shibir	1
NULL	Shit	1
NULL	ShivaAyyadurai	20
NULL	ShovelReadyJobs	5
NULL	SiasaPesaPropaganga	1
NULL	SickSoreLousers	1
NULL	Sickular	1
NULL	Sicurezza	2
NULL	SifaTowers	4
NULL	Sikorski	1
NULL	Silent	1
NULL	Sinclair	1
NULL	SinclairBroadcastGroup	3
NULL	SinclairBroadcasting	2
NULL	SinglePayer	1
NULL	SiriusXM	2
NULL	Skandal	1
NULL	Sky	1
NULL	SmartOnline	1
NULL	Smartmatic	1
NULL	SmearMerchants	1
NULL	Snapchat	1
NULL	SnoopDogg	6
NULL	Snopes	4
NULL	SnowFlakes	5
NULL	Snowflake	4
NULL	Snowflakes	4
NULL	SoCalledPresident	1
NULL	SoMuchWhining	1
NULL	SoapOperaDigest	1
NULL	Social	1
NULL	SocialBots	1
NULL	SocialIntelligence	1
NULL	SocialMarketing	1
NULL	SocialMedia	16
NULL	Socialism	2
NULL	Socialists	1
NULL	Sociedad	1
NULL	SociologY	2
NULL	SokzBuraka	17
NULL	SolarEclipse2017	1
NULL	SomeoneTellTheMedia	2
NULL	SongAJimAcosta	4
NULL	Soros	3
NULL	SorosLosers	1
NULL	SouhilaBenLachhab	1
NULL	Soulfire	1
NULL	Source	1
NULL	SourcesLie	1
NULL	SouthAfrica	1
NULL	Southafrica	4
NULL	Spam	1
NULL	Spanish	2
NULL	SpeakFreely	1
NULL	SpecialReport	14
NULL	Spicer	1
NULL	Spies	14
NULL	SpinApart	49
NULL	SpinDoctor	2
NULL	Spirit	1
NULL	SquirrelsForTheAmericanWay	1
NULL	SriTag	1
NULL	Stage	5
NULL	Staged	1
NULL	Stages	1
NULL	StandByYourMen	3
NULL	StandFree	2
NULL	StandStrong	1
NULL	StandWithBolling	3
NULL	StandWithEric	1
NULL	StandWithEricBolling	29
NULL	StandWithFlynn	2
NULL	StandWithHannity	33
NULL	StandWithTrump	1
NULL	StandardOnSunday	1
NULL	StarWarsTheLastJedi	1
NULL	Starbucks	9
NULL	Starfleet	1
NULL	Startpage	1
NULL	Startups	5
NULL	StarveThemOut	2
NULL	State	1
NULL	StateCapture	4
NULL	StatePropaganda	1
NULL	StateRunMedia	2
NULL	StateTV	1
NULL	StatueOfLiberty	9
NULL	StayOut	1
NULL	Stephanopoulos	5
NULL	StephenColbert	1
NULL	StephenMiller	32
NULL	SteveMiller	1
NULL	StevenMiller	2
NULL	StillFunny	1
NULL	StillSingleAndReadytoMingle	1
NULL	StolenValor	1
NULL	Stonehenge	3
NULL	StopAdani	1
NULL	StopAlexJones	1
NULL	StopAttackingOurPresident	1
NULL	StopBashing	6
NULL	StopChicagoShootings	1
NULL	StopLying	3
NULL	StopMediaMatters	1
NULL	StopMediaTrial	1
NULL	StopTheBoats	1
NULL	StopTheCoup	2
NULL	StopTheLeaks	2
NULL	StopTheResist	1
NULL	StopTheScalpings	1
NULL	StoperaRamp	6
NULL	Story	3
NULL	StraightNews	1
NULL	StratCom	1
NULL	StrongerTogether	1
NULL	StudytheWorld	1
NULL	StupidNews	1
NULL	StyleCouncil	1
NULL	Suck	1
NULL	SuckerPunched	1
NULL	SummercampShmuck	1
NULL	SunSentinel	1
NULL	Sunday	2
NULL	SundayBrunch	1
NULL	SundayFunday	2
NULL	SundayMorning	28
NULL	Sundaynight	1
NULL	SuperInformed	1
NULL	Superquark	2
NULL	SuperstariReporter	1
NULL	SupportRealNews	1
NULL	Survivalguide	6
NULL	SurvivorGR	1
NULL	SusanRice	3
NULL	Svpol	2
NULL	Swamp	45
NULL	SwampCreature	1
NULL	SwampCreatures	1
NULL	SwampDweller	1
NULL	SwampNews	1
NULL	Sycophant	1
NULL	Syfy	1
NULL	Syria	13
NULL	T1D	1
NULL	TABLOIDNEWS	1
NULL	TANKD2DIE	1
NULL	TARD	1
NULL	TBT	7
NULL	TCOT	25
NULL	TDM	3
NULL	TEAMMUELLER	1
NULL	TEDtalks	1
NULL	TEDx	1
NULL	TELEMUNDO	1
NULL	TERRORISM4DUMMIES	1
NULL	TGZ	4
NULL	THEIRABC	1
NULL	TIME	1
NULL	TK	2
NULL	TMI	1
NULL	TOXIC	1
NULL	TRASHNEWS	2
NULL	TREASON	5
NULL	TROJANHORSE	2
NULL	TRUDEAU	2
NULL	TRUMP	124
NULL	TRUMP2020	1
NULL	TRUMPAGANDA	1
NULL	TRUMPLIES	1
NULL	TRUMPRUSSIA	4
NULL	TRUMPTOWER	1
NULL	TRUMPTRAIN	1
NULL	TRUMPTV	9
NULL	TRUTH	8
NULL	TRUTHFEED	1
NULL	TRump	1
NULL	TT	1
NULL	TTT	7
NULL	TURKEY	1
NULL	TV	4
NULL	TVN	2
NULL	TVPiS	1
NULL	TV_hanzi	1
NULL	TWEETDONTEVENMAKESENSE	1
NULL	TWITTER	1
NULL	TYT	1
NULL	Tablet	1
NULL	TabloidGarbage	1
NULL	TakeThat	7
NULL	Taliban	1
NULL	Taqiya	1
NULL	Tarmac	1
NULL	TarmacGate	1
NULL	Tavistock	1
NULL	TaxReform	1
NULL	Tcot	1
NULL	TeaParty	4
NULL	TeamEric	1
NULL	TeamMayo	1
NULL	TeamPeter	1
NULL	TeamTrump	3
NULL	Tech	3
NULL	Tech4Good	1
NULL	TechNews	1
NULL	TeenVogue	1
NULL	Televideo	4
NULL	TellAfrica	3
NULL	TellYourStoryIn5Words	4
NULL	Terror	13
NULL	Terrorism	1
NULL	Terrorismus	1
NULL	TerroristMedia	1
NULL	TeslaMotors	1
NULL	Texas	1
NULL	ThanksObama	6
NULL	ThatWasYouGuysDumbass	1
NULL	ThatsHowYouGotTrump	1
NULL	Thaïland	4
NULL	TheBachelorette	2
NULL	TheBacheloretteFinale	5
NULL	TheBeat	2
NULL	TheBible	2
NULL	TheBigLie	1
NULL	TheFive	65
NULL	TheGoodNews	2
NULL	TheGreatBattlefield	1
NULL	TheHumanTrumpipede	1
NULL	TheKingOfFakeNews	1
NULL	TheLastBullet	1
NULL	TheLeft	1
NULL	TheMessyTruth	1
NULL	TheMooch	1
NULL	TheNorthRemembers	1
NULL	TheResistance	61
NULL	TheStory	1
NULL	TheSwamp	1
NULL	TheUnestablishment	1
NULL	TheView	1
NULL	TheirABC	1
NULL	Thema	1
NULL	Theum	1
NULL	TheyAreBatShitCrazy	1
NULL	TheyLive	6
NULL	ThisIsNOTNormal	1
NULL	ThisMorning	1
NULL	ThisPussyGrabsBack	1
NULL	ThisWasCNN	1
NULL	ThomTillis	2
NULL	ThomasHoenig	3
NULL	ThronesYall	1
NULL	Thug45	1
NULL	ThursdayThought	1
NULL	ThursdayThoughts	137
NULL	TickTock	1
NULL	Tillerson	1
NULL	TimAllen	2
NULL	Time	1
NULL	TimeMachine	4
NULL	TimeToCare	1
NULL	TinPotDictator	1
NULL	TiredOfWinning	1
NULL	Titanic	1
NULL	Tobiszewski	2
NULL	Today	2
NULL	ToddStarnesShow	2
NULL	ToldYo	1
NULL	ToldYouSo	17
NULL	TonyKeady	1
NULL	TooFar	1
NULL	Top10	6
NULL	TorchTower	2
NULL	ToxicShark	1
NULL	Toxoplasmosis	1
NULL	ToyotaTalk	1
NULL	Tracked	1
NULL	Tradition	9
NULL	Traditional	2
NULL	TraduisonsLes	1
NULL	Traitor	2
NULL	TraitorInChief	1
NULL	TraitorTrump	1
NULL	Traitors	2
NULL	Transcripts	1
NULL	TransferNews	1
NULL	Translation	20
NULL	TravelBan	2
NULL	Treason	3
NULL	Trend	1
NULL	Triggered	1
NULL	TriggeredTrumpSnowflake	3
NULL	Tripoli	13
NULL	Troll	2
NULL	Trolls	8
NULL	TroyNewChannels	1
NULL	Trudeau	2
NULL	TrueFacts	6
NULL	TrueNews	1
NULL	Trump	747
NULL	Trump2016	26
NULL	Trump2020	18
NULL	Trump2Terms	2
NULL	Trump45	1
NULL	TrumpAdmin	2
NULL	TrumpAdministration	1
NULL	TrumpArmy	72
NULL	TrumpAssKissing	1
NULL	TrumpBase	1
NULL	TrumpBots	1
NULL	TrumpCare	1
NULL	TrumpCertifiedFakeNews	1
NULL	TrumpCircus	1
NULL	TrumpColluded	1
NULL	TrumpCover	1
NULL	TrumpCrimeFamily	4
NULL	TrumpCult	3
NULL	TrumpDavidians	1
NULL	TrumpDenials	1
NULL	TrumpEffect	50
NULL	TrumpEra	1
NULL	TrumpFakeNews	1
NULL	TrumpGate	1
NULL	TrumpImpeachmentParty	16
NULL	TrumpInWV	3
NULL	TrumpInauguration	1
NULL	TrumpIsAToxicBlobofSlime	1
NULL	TrumpIsFarquaad	1
NULL	TrumpIsRight	1
NULL	TrumpIsTheProblem	4
NULL	TrumpIsWinning	1
NULL	TrumpJr	1
NULL	TrumpJrRussia	1
NULL	TrumpLIES	1
NULL	TrumpLeakers	1
NULL	TrumpLies	41
NULL	TrumpNation	2
NULL	TrumpNews	2
NULL	TrumpNewsNetwork	2
NULL	TrumpNorthKorea	1
NULL	TrumpPence2020	3
NULL	TrumpPimp	1
NULL	TrumpPropaganda	3
NULL	TrumpPuppet	1
NULL	TrumpPutin	6
NULL	TrumpQueenFakeNews	1
NULL	TrumpRally	92
NULL	TrumpRallyWV	4
NULL	TrumpRegime	1
NULL	TrumpRussia	241
NULL	TrumpRussiaCollusion	3
NULL	TrumpRussiaInvestigation	3
NULL	TrumpRussiacollusion	2
NULL	TrumpSnowflakes	1
NULL	TrumpStrong	22
NULL	TrumpSupporters	5
NULL	TrumpTV	113
NULL	TrumpTaxReturn	5
NULL	TrumpTaxes	9
NULL	TrumpTeam	1
NULL	TrumpTeamPa	1
NULL	TrumpTelevision	1
NULL	TrumpTerritory	1
NULL	TrumpTower	1
NULL	TrumpTrain	76
NULL	TrumpTreason	2
NULL	TrumpTv	4
NULL	TrumpTweets	1
NULL	TrumpUSA	6
NULL	TrumpUniversity	2
NULL	TrumpVsCNN	1
NULL	TrumpWinning	1
NULL	TrumpWins	1
NULL	TrumpWinsAlways	1
NULL	TrumpWon	2
NULL	TrumpWorld	2
NULL	Trumpagabda	1
NULL	Trumpaganda	2
NULL	Trumpbot	1
NULL	TrumpedUp	1
NULL	Trumpente	1
NULL	TrumpisaDump	1
NULL	Trumpisadisaster	1
NULL	Trumpismentallyill	1
NULL	Trumpisms	1
NULL	Trumpisnotfit	1
NULL	Trumpje	1
NULL	Trumplies	1
NULL	Trumprussia	1
NULL	Trumps	2
NULL	TrumpsATeam	1
NULL	TrumpsArmy	101
NULL	TrumpsPropagandaMachine	1
NULL	Trumpservative	1
NULL	Trumptrain	28
NULL	Trust	1
NULL	TrustTrump	1
NULL	Truth	9
NULL	TruthHurts	1
NULL	Truthseeker	2
NULL	TryingToDivideAndConquer	1
NULL	Tucker	35
NULL	TuckerCarlson	4
NULL	TuesdayMotivation	2
NULL	TuesdayThoughts	29
NULL	Tumpdestroy	1
NULL	Turkey	2
NULL	TurnThemOff	1
NULL	Tweeting	1
NULL	TwitteDebates	1
NULL	Twitter	47
NULL	TwitterBot	1
NULL	TwitterBots	1
NULL	TwitterCesspool	3
NULL	TwitterKurds	1
NULL	TwitterMasterclass	10
NULL	TwoGenders	1
NULL	TwoTowers	1
NULL	Txlege	1
NULL	Türkei	2
NULL	UAE	1
NULL	UECDD	2
NULL	UK	1
NULL	UKIP	3
NULL	UKpolitics	1
NULL	UN	2
NULL	UNACCEPTABLE	1
NULL	UNESCO	8
NULL	UNIVISION	1
NULL	UPDATE	1
NULL	UProbablyDontHaveTheInternet	1
NULL	URBeingPLAYED	1
NULL	US	6
NULL	USA	163
NULL	USDA	1
NULL	USPolitics	1
NULL	Uchaguzi	1
NULL	Ucraina	1
NULL	UdoUlfkotte	3
NULL	Ukraine	4
NULL	UnPOTUS	1
NULL	Undefeated	1
NULL	Under	1
NULL	Under2	2
NULL	Unfassbar	1
NULL	UniPartyLies	1
NULL	Uninformed	1
NULL	UniteBlue	7
NULL	UnitedStates	1
NULL	UnitedWeStand	3
NULL	UniversityOfTheMind	13
NULL	Unmasking	1
NULL	UnpaidProtesters	1
NULL	UntrueNews	8
NULL	Update	1
NULL	Uran	1
NULL	UraniumOne	3
NULL	Urlaub	1
NULL	Usain	1
NULL	UsefulIdiots	1
NULL	Useless	1
NULL	Ut3	3
NULL	Utah	3
NULL	Utrecht	2
NULL	VERY	2
NULL	VIDEO	2
NULL	VOLKSVERDUMMUNG	1
NULL	VOTEZPOURMOI	1
NULL	VR	1
NULL	VRA	1
NULL	VW	2
NULL	VaXism	2
NULL	Vacation	1
NULL	Vaccine	1
NULL	Vaccini	1
NULL	Vampire	1
NULL	Vancouver	1
NULL	Venezuela	97
NULL	Verbalmülltrennung	1
NULL	Veritas	1
NULL	VeryFakeNews	32
NULL	VeryFakeNewsCNN	1
NULL	VeryUgly	1
NULL	VeryVeryFakeNews	1
NULL	Veterans	26
NULL	VictimShaming	3
NULL	VictorThorn	1
NULL	Video	2
NULL	VierteGewalt	1
NULL	Vietcong	1
NULL	Vietnam	27
NULL	VietnamDraftDeferments	1
NULL	Vigilance	1
NULL	Vile	1
NULL	Vinci	1
NULL	Violencia	1
NULL	Volk	1
NULL	Vong	1
NULL	VoteBlue2018	1
NULL	VoteGrandObstructionistPartyOUT	1
NULL	VoteOfNoConfidence	1
NULL	VoteRecount	1
NULL	VoterFraud	2
NULL	WAKEUPAMERICA	1
NULL	WAPATV	1
NULL	WDR	4
NULL	WEAPONIZEDMEDIA	3
NULL	WH	7
NULL	WHLeaks	1
NULL	WHNewsKellyApproved	1
NULL	WHOLE	5
NULL	WHYYOULIEFO	1
NULL	WHchaos	1
NULL	WI01	3
NULL	WILTY	1
NULL	WINNING	1
NULL	WIRETAP	1
NULL	WIRETAPPING	1
NULL	WMC	11
NULL	WOMD	1
NULL	WONDERFUL	1
NULL	WOODSTOCK2017	1
NULL	WSJ	5
NULL	WSWS	1
NULL	WTF	2
NULL	WVA	14
NULL	WVRally	1
NULL	WW3	1
NULL	WWIII	1
NULL	WaPo	87
NULL	WaPoWankers	1
NULL	WaPostIsRealNews	1
NULL	Waffenschein	21
NULL	Wahrheit	1
NULL	WakeUp	2
NULL	WakeUpAmerica	3
NULL	WakeUpEh	1
NULL	WakeUpWisconsin	3
NULL	WakeUpWorld	1
NULL	WakeyLeaks	1
NULL	WallStreetJournal	1
NULL	Wapo	1
NULL	War	1
NULL	WarCrime	2
NULL	WarForProfit	5
NULL	WarParty	1
NULL	Warmongers	6
NULL	Wash	1
NULL	WashCompost	1
NULL	WashingtonCompost	1
NULL	WashingtonPost	4
NULL	Wasserman	1
NULL	WassermanSchultz	1
NULL	Waterfront	1
NULL	Watters	1
NULL	WattersWorld	1
NULL	WeAreDoomed	1
NULL	WeAreTheMajority	1
NULL	WeDistortYouDecide	1
NULL	WeMetOnTwitter	2
NULL	WeStandWithTrump	2
NULL	WeThePeople	58
NULL	WeWillNeverStop	1
NULL	Weaponized	1
NULL	WeatherBug	1
NULL	Webseite	3
NULL	WednesdayWisdom	14
NULL	Weed	10
NULL	Weil	2
NULL	Weiner	2
NULL	WeirdAl	1
NULL	WelcometoCanada	6
NULL	Welfare	3
NULL	Wesselnizkaja	1
NULL	WestVirginia	105
NULL	WestVirginiarally	1
NULL	WesternCivilization	1
NULL	WhatDrivesMeCrazy	1
NULL	WhatHappened	1
NULL	WhatsApp	1
NULL	WhiteGenocide	10
NULL	WhiteHelmets	1
NULL	WhiteHouse	16
NULL	WhiteMonopolyCapital	6
NULL	WhitePrivilege	3
NULL	WhiteSupremacy	2
NULL	Whitehouse	1
NULL	WhyTrumpWon	18
NULL	WikiLeaks	1
NULL	Wikileaks	4
NULL	Win	1
NULL	Wink	1
NULL	Winning	67
NULL	WitchHunt	46
NULL	Women	1
NULL	WomenAgainstFeminism	2
NULL	WomenForTrump	1
NULL	WomenforTrump	1
NULL	WorDSmitH	2
NULL	Workinghard	1
NULL	World	1
NULL	WorldNewsTonight	1
NULL	WorldOfAppearances	6
NULL	WorstEverPM	1
NULL	WorstFamilyNotFirstFamily	1
NULL	WorstPresidentEver	1
NULL	Wrong	1
NULL	WrongAgain	1
NULL	YOU	1
NULL	YazidiGenocide	1
NULL	YellowJournalism	1
NULL	Yemen	1
NULL	YesterdaysNewsToday	1
NULL	Yoors	3
NULL	YouAreAJackass	1
NULL	YouAreFakeNews	1
NULL	YouIdiot	1
NULL	YouLoose	1
NULL	YoureGoddamRightWeDo	1
NULL	YoutubeVideos	6
NULL	Yuge	1
NULL	Yugoslavia	1
NULL	ZANC	1
NULL	ZDF	1
NULL	ZamknijGebePozerze	1
NULL	Zeit	1
NULL	Zeke	1
NULL	Zionist	2
NULL	Zucconi	1
NULL	Zuckerberg	2
NULL	Zuma	1
NULL	ZumaVote	5
NULL	Zzz	1
NULL	abc	10
NULL	abc730	1
NULL	abpoli	1
NULL	absolutetossers	1
NULL	accounting	1
NULL	acosta	1
NULL	acostaowned	1
NULL	acostasucks	1
NULL	acqueterritorialilibiche	1
NULL	actors	2
NULL	actress	1
NULL	adblock	1
NULL	advertisers	1
NULL	advertising	1
NULL	affordablehealthcare	1
NULL	agenda	6
NULL	ai	4
NULL	airportsecurity	1
NULL	alarabiya	1
NULL	alexjones	1
NULL	algorithm	1
NULL	algorithme	4
NULL	algoritmi	1
NULL	alieninvasion	2
NULL	alive	1
NULL	aliveandkicking	1
NULL	allemagne	2
NULL	allemande	2
NULL	alliance	2
NULL	alllies	1
NULL	alternativeFacts	1
NULL	alternativefact	10
NULL	alternativefacts	38
NULL	altfacts	1
NULL	altleft	1
NULL	altright	1
NULL	amazon	1
NULL	amazonwashingtonpost	1
NULL	amen	1
NULL	americadeservesbetter	1
NULL	americafirst	10
NULL	americafirstcandidates	1
NULL	american	7
NULL	americangods	31
NULL	americans	1
NULL	americantraitor	1
NULL	amitshah	5
NULL	amtickerde	1
NULL	amusement	5
NULL	analytics	1
NULL	and	1
NULL	android	2
NULL	anschauenPflicht	1
NULL	antiTrump	6
NULL	antifa	2
NULL	antisemetic	1
NULL	ap	1
NULL	apologies	1
NULL	apologist	1
NULL	aquarius	3
NULL	army	1
NULL	arnab	1
NULL	art	1
NULL	articolicorrelati	6
NULL	artificialintelligence	1
NULL	asinine	1
NULL	assnat	2
NULL	astros	1
NULL	attacked	1
NULL	attacks	1
NULL	attention	1
NULL	attentionwhore	1
NULL	audi	2
NULL	auspol	40
NULL	autism	1
NULL	autocrats	1
NULL	axisandallies	1
NULL	backRaces	1
NULL	bahrain	1
NULL	bale	1
NULL	banklevy	1
NULL	bashing	1
NULL	bastabufale	1
NULL	bayviewvillage	1
NULL	bb19	1
NULL	bbc	2
NULL	bbcnews	1
NULL	beautiful	2
NULL	begov	3
NULL	behaviorchange	1
NULL	beinconvenient	1
NULL	beinformed	1
NULL	believe	1
NULL	berniesanders	1
NULL	between	1
NULL	beyond	1
NULL	bias	15
NULL	biased	2
NULL	biasedMedia	4
NULL	biasedmedia	2
NULL	bigdata	3
NULL	bigfatliar	1
NULL	biggestdefeatinthehistoryofpolitics	1
NULL	bigmistake	1
NULL	bigotry	1
NULL	bigots	1
NULL	bild	1
NULL	birtherism	1
NULL	bitcoin	1
NULL	bjp	5
NULL	blameitonthelibs	1
NULL	blm	1
NULL	blog	2
NULL	bloggersbluff	1
NULL	bloqueó	1
NULL	blumenthal	1
NULL	bobonews	2
NULL	bogus	1
NULL	boo	1
NULL	borders	1
NULL	borderwall	2
NULL	bored	1
NULL	boring	2
NULL	bornAgain	1
NULL	bot	2
NULL	botox	1
NULL	bots	5
NULL	boty	1
NULL	boxing	2
NULL	boycotFoxNews	1
NULL	boycottfoxnews	1
NULL	boycottnewsweek	2
NULL	boyscoutsDidNOTcallTrump	1
NULL	boywhocriedwolf	1
NULL	brainwashed	10
NULL	brainwashing	3
NULL	branding	2
NULL	brandshatch	1
NULL	brave	1
NULL	break	2
NULL	breaking	5
NULL	breesmedia	1
NULL	breitbart	1
NULL	brexit	6
NULL	brilliant	1
NULL	btw	1
NULL	btw17	3
NULL	bubble	1
NULL	bubbleboy	1
NULL	bufala	1
NULL	bufale	1
NULL	bull	1
NULL	bullies	2
NULL	bullshit	7
NULL	bully	1
NULL	bumpTrump	1
NULL	buonascuola	4
NULL	business	1
NULL	c4news	1
NULL	cake	1
NULL	camgasm	1
NULL	campaign	1
NULL	cancelthepvrtimer	1
NULL	cannabis	5
NULL	cantbethisdumb	1
NULL	cantreadyourcolumninthestar	1
NULL	cares	2
NULL	caring	1
NULL	carpevalvum	1
NULL	cartoon	3
NULL	cartoonist	2
NULL	casablanca	2
NULL	cbs	10
NULL	ccot	52
NULL	cdnpoli	6
NULL	censored	1
NULL	censorship	12
NULL	censura	1
NULL	censure	2
NULL	chapbaths	1
NULL	chatters	1
NULL	chaturbate	1
NULL	check	1
NULL	cheers	1
NULL	chemtrails	2
NULL	chicagotonight	1
NULL	chriscuomo	1
NULL	christiangenocide	1
NULL	chuckfraud	1
NULL	churnalism	2
NULL	circus	1
NULL	classified	1
NULL	clickbait	3
NULL	clickbate	1
NULL	climate	2
NULL	climatechange	9
NULL	climatescience	1
NULL	clitonnewsnetwork	1
NULL	clowns	1
NULL	cnn	78
NULL	cnnSucks	1
NULL	cnnblackmail	1
NULL	cnndirt	1
NULL	cnnfakenews	168
NULL	cnnisfakenews	1
NULL	cnnisisis	5
NULL	cnnmemewar	1
NULL	cnnreport	1
NULL	cnnuniversity	1
NULL	coal	1
NULL	cognitivebias	2
NULL	colchat	1
NULL	collaborators	1
NULL	collusion	7
NULL	colonialpropaganda	3
NULL	com	1
NULL	comedy	3
NULL	comedygold	1
NULL	comedyhour	1
NULL	comeon	1
NULL	comestolight	1
NULL	comey	3
NULL	comics	3
NULL	commercials	1
NULL	commsbreakfast	1
NULL	communicate	1
NULL	communications	4
NULL	complex	1
NULL	confessyourunpopularopinion	1
NULL	congressfor2019	1
NULL	connecticut	2
NULL	conspiracy	5
NULL	conspiracytheory	2
NULL	controversy	1
NULL	copolitics	2
NULL	corpgov	1
NULL	corporatemediatakeover	1
NULL	correctiv	1
NULL	corrupt	2
NULL	corruptmedia	1
NULL	coruptnewsnetwork	1
NULL	cosmopolitan	1
NULL	cosmopolitanBias	1
NULL	country	2
NULL	coup	6
NULL	coverup	1
NULL	covfefe	2
NULL	cowbell	1
NULL	cowfacts	1
NULL	coys	1
NULL	craptrap	1
NULL	crazy	1
NULL	crazycabinet	1
NULL	creating	5
NULL	credit	1
NULL	cricketers	1
NULL	crime	1
NULL	criminal	1
NULL	crises	1
NULL	crisisactor	1
NULL	criticalthinking	2
NULL	crookedhillary	1
NULL	crookedmedia	1
NULL	crossfit	1
NULL	crybaby	1
NULL	cryptocurrency	1
NULL	cuckold	1
NULL	cult	1
NULL	cult45	2
NULL	cunts	1
NULL	customerservice	1
NULL	cutthecord	1
NULL	cya	1
NULL	cyberbullying	1
NULL	cynical	1
NULL	dadjokes	1
NULL	dailynewsonline	4
NULL	dance	1
NULL	dank	1
NULL	dankmemes	1
NULL	danrather	1
NULL	darkmoney	2
NULL	darkweb	1
NULL	data	1
NULL	datadriven	1
NULL	dataliteracy	1
NULL	dataviz	4
NULL	dc	2
NULL	de	1
NULL	dead	1
NULL	deadlast	1
NULL	death	1
NULL	debility	1
NULL	debt	2
NULL	decodex	1
NULL	decoratedsugarcookies	1
NULL	deepstate	22
NULL	deepstatecoup	1
NULL	defamation	2
NULL	defendeurope	2
NULL	defundCBC	2
NULL	defundNPR	1
NULL	delusional	5
NULL	demandpressfreedom	1
NULL	democRATS	4
NULL	democracy	6
NULL	democrats	4
NULL	demonetisation	24
NULL	dems	1
NULL	dependency	1
NULL	deplorables	1
NULL	deport	1
NULL	desinformation	1
NULL	despicable	2
NULL	deutscherherbst	1
NULL	deutschland	1
NULL	devilsLair	1
NULL	dezinformacja	1
NULL	dhs	1
NULL	dickpics	1
NULL	dictator	1
NULL	dictators	4
NULL	dictatorship	2
NULL	didnthappen	1
NULL	dieinafire	1
NULL	diesel	1
NULL	diet	1
NULL	digcit	3
NULL	digital	1
NULL	digitaladvertising	1
NULL	digitalcapitalism	3
NULL	digitalliteracy	2
NULL	digitalmarketing	2
NULL	digitalsociology	3
NULL	dijagnoze	1
NULL	dippindots	1
NULL	discrimination	1
NULL	disgrace	1
NULL	disgraceful	1
NULL	disgusting	1
NULL	disingenuouse	1
NULL	displacedbuskersyndrome	1
NULL	disrespectful	1
NULL	distortion	1
NULL	distract	5
NULL	divergência	1
NULL	diversity	1
NULL	dixie	9
NULL	djvbo	3
NULL	dkmedier	2
NULL	dkpol	2
NULL	dksund	1
NULL	dobetter	1
NULL	doddfrank	1
NULL	doem	9
NULL	doesheevenrememberwhathesays	1
NULL	dog	2
NULL	dogtweets	2
NULL	dome	1
NULL	don	1
NULL	donald	1
NULL	donaldtrump	1
NULL	dontbelievethehype	1
NULL	dope	2
NULL	doublchalupa	1
NULL	doublestandards	1
NULL	doubtit	1
NULL	doucheturd	1
NULL	downloadgooglechrome	1
NULL	doyourresearch	1
NULL	dpa	2
NULL	draftdodger	1
NULL	drainTheSwamp	2
NULL	draintheswamp	13
NULL	dread	1
NULL	dts	2
NULL	duden	2
NULL	dumbasarocknews	1
NULL	dump	1
NULL	dumpHannity	2
NULL	dumpcuomo	1
NULL	dumptrump	4
NULL	dung	1
NULL	dunjahayali	1
NULL	dwdd	1
NULL	dziennikarzebezgranic	1
NULL	démocratie	1
NULL	démocraties	1
NULL	eatadick	1
NULL	echochambers	10
NULL	echtnieuws	1
NULL	eclipse	1
NULL	economisled	1
NULL	edtech	2
NULL	education	1
NULL	eduwebinar	1
NULL	effthedinosaurs	1
NULL	egypt	1
NULL	eight	1
NULL	ejaculated	1
NULL	election	3
NULL	election2016	1
NULL	electionke2017	1
NULL	electionviolence	1
NULL	embarassment	1
NULL	emoluments	1
NULL	emoulentsclause	2
NULL	endorsing	1
NULL	enemyofelectorate	1
NULL	enemyofthepeople	1
NULL	engadget	1
NULL	entertainment	6
NULL	epitome	1
NULL	erdogan	1
NULL	ereputation	1
NULL	ericbolling	5
NULL	espn	4
NULL	establishment	1
NULL	ethanbearman	1
NULL	ethics	1
NULL	eugenics	1
NULL	everybodyspresident	1
NULL	evil	1
NULL	exposed	1
NULL	expressarsewipe	1
NULL	extremist	2
NULL	f3travels	1
NULL	fAKENEWS	1
NULL	faZe	1
NULL	fabricated	1
NULL	facebook	8
NULL	facebookSucks	1
NULL	faceit	1
NULL	faceofWmc	1
NULL	fachosphere	2
NULL	fact	2
NULL	factcheck	2
NULL	factchecking	3
NULL	facts	11
NULL	factsmatter	3
NULL	fail	3
NULL	failing	1
NULL	failingNYT	1
NULL	failingNYTimes	1
NULL	failingmedia	1
NULL	fake	17
NULL	fake45	2
NULL	fakeFOX	1
NULL	fakeFacts	1
NULL	fakeHair	1
NULL	fakeNEWS	1
NULL	fakeNews	46
NULL	fakePresident	1
NULL	fakePrez	3
NULL	fakeTan	1
NULL	fakeWins	1
NULL	fakebase	1
NULL	fakebook	1
NULL	fakecalls	1
NULL	fakeclimatechangenews	1
NULL	fakecompassion	1
NULL	fakecountry	1
NULL	fakedissertation	1
NULL	fakeeconomy	1
NULL	fakeeditors	1
NULL	fakeeverything	1
NULL	fakeexperts	1
NULL	fakefacts	2
NULL	fakefan	1
NULL	fakeflatwhites	1
NULL	fakefollowers	3
NULL	fakefoxnews	1
NULL	fakehatenews	1
NULL	fakeheadlines	1
NULL	fakeheart	1
NULL	fakehistoria	1
NULL	fakehistory	6
NULL	fakejake	1
NULL	fakejournalist	2
NULL	fakejournalists	1
NULL	fakeleague	1
NULL	fakeliberalnews	1
NULL	fakelips	1
NULL	fakemagic	1
NULL	fakemedia	5
NULL	fakenew	1
NULL	fakenews	4707
NULL	fakenewsCNN	1
NULL	fakenewsabc	1
NULL	fakenewscnn	3
NULL	fakenewsfox	1
NULL	fakenewsindustrialcomplex	1
NULL	fakenewsmedia	1
NULL	fakenewsminutemen	2
NULL	fakenoose	1
NULL	fakepeople	8
NULL	fakepoll	3
NULL	fakepolls	20
NULL	fakepresident	9
NULL	fakepressrelease	1
NULL	fakereporter	1
NULL	fakes	1
NULL	fakeset	2
NULL	fakestatistics	1
NULL	faketears	2
NULL	faketv	1
NULL	faketwitter	2
NULL	faketwitterfollowers	1
NULL	fakevote	1
NULL	fakevoter	1
NULL	fakeweather	1
NULL	fakten	1
NULL	falseclaims	1
NULL	falseflag	1
NULL	fancyfarmhaiku	1
NULL	faryalmakhdoom	2
NULL	fascism	1
NULL	fascistpress	1
NULL	fascists	1
NULL	fatcatpay	1
NULL	fauxnews	5
NULL	fb	2
NULL	fbi	4
NULL	fboLoud	5
NULL	fear	1
NULL	fedidwgugl	1
NULL	feedly	1
NULL	feelthebern	1
NULL	fekumedia	1
NULL	feminism	1
NULL	feminismiscancer	2
NULL	fiction	1
NULL	filterbubbles	11
NULL	finance	3
NULL	fintech	2
NULL	fireHannity	57
NULL	fireMuelker	1
NULL	fireShannity	1
NULL	fireandfury	1
NULL	firehannity	4
NULL	firemcmaster	3
NULL	fireryan	1
NULL	fireworks	1
NULL	firsts	1
NULL	fisk	9
NULL	fistasong	1
NULL	fixedNews	1
NULL	fixednews	1
NULL	flatearther	6
NULL	flight	1
NULL	fluoride	2
NULL	flynn	1
NULL	flüchtlinge	1
NULL	followers	2
NULL	fool	1
NULL	fools	1
NULL	foot	3
NULL	forentertainmentonly	1
NULL	forgot	1
NULL	forgottenman	5
NULL	fox	10
NULL	foxandfriends	1
NULL	foxfakenews	1
NULL	foxisfake	1
NULL	foxisfakenews	1
NULL	foxnews	11
NULL	foxnotnews	1
NULL	foxpropaganda	1
NULL	fr	1
NULL	fraud	1
NULL	fraudnews	1
NULL	free	2
NULL	freedom	4
NULL	freeihad	1
NULL	freely	1
NULL	friday1230pmPST	1
NULL	fromthetop	1
NULL	ftr	1
NULL	fubar	1
NULL	fucker	1
NULL	fun	5
NULL	funnehfriday	1
NULL	funny	3
NULL	funnyas	1
NULL	future	1
NULL	futurereadylibs	1
NULL	fvd	1
NULL	g4c	5
NULL	gallop	1
NULL	gamedev	6
NULL	gameofthrones	1
NULL	gamification	1
NULL	gangbangers	1
NULL	garbage	7
NULL	garbagejournalism	1
NULL	gas	1
NULL	gatta	1
NULL	gear	2
NULL	gender	1
NULL	genocidal	1
NULL	geteducated	1
NULL	gethelp	1
NULL	gethimin	1
NULL	getoverit	1
NULL	giornalismo	1
NULL	givemeabreak	2
NULL	gladdersyoga	1
NULL	globalism	1
NULL	globalwarming	4
NULL	gnomeasf	1
NULL	goTrump	1
NULL	goals	129
NULL	god	1
NULL	godisdeadbitches	1
NULL	goebbels	1
NULL	golf	1
NULL	goodforthegoose	1
NULL	goodmorning	1
NULL	goodnews	2
NULL	google	1
NULL	googleSucks	1
NULL	googlememo	4
NULL	googleupdate	1
NULL	gop	7
NULL	gorilla	1
NULL	got	2
NULL	gotohell	1
NULL	gov	1
NULL	government	1
NULL	grandjury	5
NULL	graphicdesign	1
NULL	gsmarena	1
NULL	guernsey	1
NULL	guns	7
NULL	hack	1
NULL	hacked	3
NULL	hadenoughyet	1
NULL	hahahah	1
NULL	handel	1
NULL	hang	1
NULL	hannity	6
NULL	hate	8
NULL	haters	1
NULL	hatespeech	3
NULL	hatethehaters	1
NULL	hańba	1
NULL	hcldr	1
NULL	headline	1
NULL	headlining	2
NULL	health	3
NULL	healthcare	2
NULL	herpes	1
NULL	heuteplus	4
NULL	hiddenagenda	1
NULL	hilarious	1
NULL	hiliarious	1
NULL	hillary	1
NULL	hillaryclinton	1
NULL	hiring	4
NULL	histoire	2
NULL	history	11
NULL	historyrepeats	1
NULL	hoax	52
NULL	hoaxedmovie	2
NULL	hoedan	1
NULL	holdMSMaccountable	1
NULL	holyShit	1
NULL	honesty	1
NULL	honorable	2
NULL	horrible	1
NULL	hottake	1
NULL	howardfinemanmoment	1
NULL	howfar	1
NULL	huffpost	1
NULL	humanity	7
NULL	humor	3
NULL	humour	1
NULL	hybridwar	1
NULL	hype	1
NULL	hypocrisy	26
NULL	hypocrite	3
NULL	hypocriteinchief	1
NULL	hypocritical	1
NULL	hypoctites	1
NULL	iamhappiestwhen	1
NULL	iasl2017	1
NULL	iccsdsummit	1
NULL	idiot	5
NULL	idiots	2
NULL	illegalaliens	1
NULL	illegale	9
NULL	illegals	1
NULL	illegitimatepresident	1
NULL	illuminati	2
NULL	illusion	5
NULL	illustration	5
NULL	imenjak	1
NULL	immigrant	1
NULL	immigration	6
NULL	immigrationBill	5
NULL	impeach	7
NULL	impeachTrumpnow	1
NULL	impeachment	4
NULL	imsnitchin	2
NULL	inbed	1
NULL	inconvenienttruth	1
NULL	indiedev	1
NULL	indinniati	1
NULL	ineptpotus	1
NULL	inequality	1
NULL	inflazzioneaduecifre	1
NULL	infoKrieg	2
NULL	infographic	2
NULL	infomercial	1
NULL	informacion	1
NULL	informationliteracy	1
NULL	informyourself	1
NULL	infosec	15
NULL	infowars	4
NULL	injunction	1
NULL	inonda	7
NULL	insurrection	1
NULL	interestrates	1
NULL	internet	6
NULL	interview	1
NULL	intox	3
NULL	investigation	2
NULL	iodine	1
NULL	iot	1
NULL	ironicmuch	1
NULL	irrelevant	1
NULL	is	1
NULL	isismemes	1
NULL	isitok	2
NULL	islamapologists	1
NULL	issues	1
NULL	istandwithpewdiepie	1
NULL	italiani	1
NULL	itdoesntgetworse	1
NULL	itsnothard	1
NULL	jakepaulisoverparty	2
NULL	jamesob	1
NULL	jayleno	6
NULL	jealousy	1
NULL	jeremykyle	1
NULL	jew	1
NULL	jewsmedia	4
NULL	jhumlabjp	1
NULL	jimacosta	2
NULL	jimjustice	10
NULL	job	5
NULL	jobsreport	2
NULL	joke	1
NULL	jokeoftheday	1
NULL	jokes	1
NULL	journaleux	1
NULL	journalism	12
NULL	journalisme	2
NULL	journalismisdead	3
NULL	journalist	2
NULL	journalists	3
NULL	joyfulmarriage	1
NULL	jugendrettet	1
NULL	jumla	1
NULL	junkblokes	1
NULL	jury	1
NULL	justsayin	1
NULL	justsaying	1
NULL	justthefactsjack	1
NULL	jwb	1
NULL	kaczynski	1
NULL	kakistocracy	2
NULL	keemstarisoverparty	1
NULL	kellyanneconway	3
NULL	kenyaelections2017	1
NULL	kidnapped	1
NULL	kidrockforsenate	1
NULL	killarysupporter	1
NULL	killerjoe	1
NULL	kingcuck	1
NULL	kissmydeplorablea	1
NULL	klimaatzaak	8
NULL	km	4
NULL	kmers	1
NULL	knowledgemanagement	2
NULL	knowthedifference	1
NULL	koolaid	1
NULL	kremlingate	1
NULL	kremlnahe	1
NULL	kushnerinvestigation	1
NULL	laatujournalismi	2
NULL	labour	1
NULL	lame	1
NULL	lapdog	1
NULL	lateline	2
NULL	laugh	1
NULL	laughablemedia	1
NULL	lauraloomer	1
NULL	leaker	1
NULL	leakers	1
NULL	leaks	77
NULL	leftistlies	1
NULL	leftists	1
NULL	leftyfail	1
NULL	leftymedia	1
NULL	legit	1
NULL	lestweforget	5
NULL	letsgovcu	1
NULL	leyton	4
NULL	liar	5
NULL	liarinchief	2
NULL	liarliarpantsonfire	2
NULL	liars	8
NULL	libel	1
NULL	liberal	18
NULL	liberalhack	1
NULL	liberallogic	8
NULL	liberals	13
NULL	liberalssuck	2
NULL	libs	1
NULL	libtard	7
NULL	libtards	7
NULL	lie	2
NULL	lies	33
NULL	like	1
NULL	limelight	1
NULL	live	3
NULL	livecoverage	1
NULL	livethelove	1
NULL	lka	2
NULL	lmao	2
NULL	lnyhbt	2
NULL	loan	3
NULL	loans	6
NULL	localnews	1
NULL	localrag	4
NULL	lockherup	1
NULL	logic	1
NULL	lol	6
NULL	londonsfinest	1
NULL	longestpenis	1
NULL	longweekend	1
NULL	loser	3
NULL	losers	1
NULL	losersstillcrying	1
NULL	lostallmeaning	1
NULL	losttheplot	1
NULL	love	1
NULL	lovejesus	1
NULL	lowIQ	1
NULL	lunatic	1
NULL	lunaticDonald	1
NULL	lying	1
NULL	lyinggoogle	1
NULL	lyingnews	2
NULL	m5s	1
NULL	machinelearning	3
NULL	madethatshitup	1
NULL	madness	1
NULL	maga	90
NULL	magaisformorons	1
NULL	magama	1
NULL	magic	5
NULL	magicnunber18	1
NULL	mags	1
NULL	mainsteammedia	1
NULL	mainstreammedia	1
NULL	majority	1
NULL	makehappy	1
NULL	makeourplanetgreatagain	1
NULL	malagaairport	1
NULL	malia	1
NULL	manchild	1
NULL	manipulate	4
NULL	manipulation	5
NULL	manyPeopleAreSaying	1
NULL	manypeoplearesaying	1
NULL	marketing	2
NULL	mashup	1
NULL	masterclass	1
NULL	mayan	1
NULL	mcmaster	3
NULL	meaningless	1
NULL	media	33
NULL	mediabias	1
NULL	mediacuckold	1
NULL	medialiteracy	2
NULL	mediamanipulation	1
NULL	mediawatch	4
NULL	meepmeep	1
NULL	meh	1
NULL	meme	6
NULL	memes	1
NULL	memogate	2
NULL	menace	1
NULL	mendacity	1
NULL	mentalhealth	1
NULL	merica	1
NULL	mexican	2
NULL	mexicoDidNOTcallTrump	1
NULL	michaelflynn	1
NULL	miched	1
NULL	microwaves	1
NULL	middlemen	1
NULL	migrants	11
NULL	mihinenäävoiuskoa	1
NULL	mika	1
NULL	million	1
NULL	mincepie	1
NULL	mindcontroll	1
NULL	minnesotamosque	1
NULL	misinformation	5
NULL	missile	1
NULL	mixed	1
NULL	moar	1
NULL	monchi	1
NULL	mondaymotivation	1
NULL	moneylaundering	1
NULL	morefakenews	1
NULL	morningjoe	12
NULL	moron	1
NULL	mosquée	1
NULL	mouthpiece	14
NULL	movement	1
NULL	moveon	2
NULL	movies	3
NULL	mrctv	1
NULL	msm	21
NULL	msmFAIL	18
NULL	msn	2
NULL	msnbc	26
NULL	mtpdaily	1
NULL	mueller	1
NULL	mufc	3
NULL	mullerMassacre	1
NULL	muslims	1
NULL	myfavourite	1
NULL	mystery	1
NULL	myth	2
NULL	mytho	1
NULL	narcissist	1
NULL	nationalicecreamsandwichday	1
NULL	nationalism	1
NULL	nationalist	1
NULL	natsec	1
NULL	nazis	1
NULL	nazisocialst	1
NULL	nbc	10
NULL	ncpol	1
NULL	ndera	1
NULL	neoCONS	1
NULL	neocon	1
NULL	nepnieuws	1
NULL	nepotism	1
NULL	nerdsdontknowsports	1
NULL	network	1
NULL	netzdg	1
NULL	neverstoptweeting	1
NULL	newdaycnn	2
NULL	neworleansflood	1
NULL	news	27
NULL	newsforlikes	1
NULL	newspapers	3
NULL	newspeak	1
NULL	newsweekcover	1
NULL	newyorkTimes	1
NULL	newyorktimes	2
NULL	neymar	2
NULL	nfg	1
NULL	nflhalloffame	1
NULL	nhpolitics	3
NULL	nhs	1
NULL	nikhilwagle	13
NULL	nipplegate	1
NULL	nmp	1
NULL	noapology	1
NULL	nobody	2
NULL	nobodycares	1
NULL	nobodylisten	1
NULL	noconfidence	1
NULL	nocredibility	3
NULL	nofake	1
NULL	nofartsacking	1
NULL	nofilter	1
NULL	nojo	1
NULL	nolaflood	1
NULL	nomorekronkites	1
NULL	nomorerealnews	1
NULL	nonnews	2
NULL	noratings	2
NULL	normalizing	1
NULL	nos	2
NULL	not_your_colony_anymore	1
NULL	notbuyingit	1
NULL	nothingburger	5
NULL	nothingtoseehere	1
NULL	nothispp	1
NULL	notmybradpitt	1
NULL	notmypresident	17
NULL	notreal	1
NULL	notrump	1
NULL	notruthinlies	1
NULL	notthatorange	1
NULL	noun	1
NULL	noviewers	1
NULL	nowarmfuzzies	1
NULL	nowplaying	1
NULL	np	2
NULL	nra	9
NULL	ntropi	2
NULL	ntv	1
NULL	nuclear	1
NULL	nudes	1
NULL	nuget	1
NULL	nutjobs	4
NULL	nuttertrump	1
NULL	nwo	1
NULL	nyc	2
NULL	nyt	2
NULL	nytimes	2
NULL	obama	2
NULL	obamacare	2
NULL	obamacareisdead	1
NULL	obamaday	10
NULL	obamaisafraud	1
NULL	occupy	1
NULL	offenbar	1
NULL	oldgrandpa	1
NULL	omg	1
NULL	onesideonly	1
NULL	online	3
NULL	onlinedefamation	2
NULL	onlinereputation	1
NULL	onstorm	1
NULL	operaciondavid	1
NULL	opinion	5
NULL	opinionpiece	1
NULL	oppositionparty	1
NULL	orangejuliusceasar	1
NULL	osamabinladen	1
NULL	ossoff	1
NULL	otwartydialog	2
NULL	oudnieuws	1
NULL	ourbrokeneconomy	1
NULL	ourselves	1
NULL	outofdebt	2
NULL	outoftouch	1
NULL	p2	16
NULL	p4sed	1
NULL	paidmedia	5
NULL	panda	1
NULL	panicmerchants	1
NULL	pantsonfire	1
NULL	paris	3
NULL	parlapipes	2
NULL	parody	1
NULL	party	2
NULL	pass	1
NULL	passportcontrol	1
NULL	past	1
NULL	patch	2
NULL	pathetic	26
NULL	patientsnotaddicts	1
NULL	peace	2
NULL	pedo	1
NULL	pedogate	5
NULL	pence	3
NULL	pence2020	1
NULL	people	1
NULL	perfect	5
NULL	periodismo	30
NULL	personalloan	2
NULL	pewdiepie	1
NULL	pewpew	6
NULL	phantomstorms	1
NULL	phonezombies	1
NULL	phonies	1
NULL	phony	1
NULL	photo	1
NULL	photoshop	2
NULL	piecharts	1
NULL	pigsarse	1
NULL	pillowtalk	1
NULL	pisstake	1
NULL	pizzagate	6
NULL	pjnet	2
NULL	plage	1
NULL	plague	2
NULL	planet	1
NULL	plasticface	1
NULL	plebiscite	1
NULL	plentyofparkingifyouwalkthirtyfeet	1
NULL	plinkoforever	1
NULL	pnpcbc	1
NULL	pnwlng	1
NULL	podcast	2
NULL	podernfamily	1
NULL	podestaisacriminal	1
NULL	polcan	3
NULL	police	2
NULL	politas	1
NULL	political	5
NULL	politicalactivist	1
NULL	politicari	1
NULL	politics	9
NULL	poll	9
NULL	polls	3
NULL	polmtl	1
NULL	polqc	3
NULL	poolreporter	2
NULL	posttruth	1
NULL	posverdad	1
NULL	potus	50
NULL	potus45	3
NULL	poverty	1
NULL	powerhouse	1
NULL	pqq	1
NULL	practicewhatyoupreach	1
NULL	praisingLies	1
NULL	premature	1
NULL	president	1
NULL	press	2
NULL	pressbriefing	24
NULL	presson	1
NULL	presstitutes	3
NULL	primetime	1
NULL	privatisation	1
NULL	proEU	1
NULL	probable	1
NULL	projectveritas	1
NULL	proliferators	1
NULL	propaganda	71
NULL	propagandanews	3
NULL	propagande	7
NULL	prophunt	1
NULL	prosperity	1
NULL	proudboyfriend	1
NULL	psychologiecommunication	1
NULL	pti	12
NULL	public	4
NULL	publishing	5
NULL	puns	1
NULL	puppet	1
NULL	puppetcrats	1
NULL	purebrill	1
NULL	pussygrabber	1
NULL	putinpropagandist	1
NULL	pöbelralle	1
NULL	qanda	1
NULL	qatar	1
NULL	qatarblockade	1
NULL	qldpol	1
NULL	quepaíséesse	1
NULL	racebaiting	1
NULL	rachelmaddow	1
NULL	racist	2
NULL	radiolab	1
NULL	rags	1
NULL	ramjasviolence	1
NULL	rathergate	1
NULL	ratingswhores	1
NULL	readthememo	1
NULL	readyfor	2
NULL	real	5
NULL	realDonaldTrump	6
NULL	realMan	1
NULL	realNews	1
NULL	realcuck	1
NULL	realdata	1
NULL	realdonaldtrump	3
NULL	realmadrid	129
NULL	realnews	36
NULL	realsatire	2
NULL	realscience	1
NULL	realsports	1
NULL	rechteSocken	1
NULL	recycled	1
NULL	recyclednews	1
NULL	redcoats	1
NULL	rednationrising	1
NULL	refugees	9
NULL	regret	1
NULL	rejoice	1
NULL	reliablesource	1
NULL	religion	2
NULL	remain	1
NULL	repeal	2
NULL	repealobamacare	1
NULL	repealreplacerepublicans	1
NULL	report	1
NULL	reporters	1
NULL	republican	7
NULL	republicans	1
NULL	reservation	1
NULL	resign	2
NULL	resignnow	1
NULL	resist	57
NULL	resistance	1
NULL	respondTOP	1
NULL	retweet	2
NULL	revisionism	1
NULL	rewritinghistory	1
NULL	rightwing	1
NULL	risk	1
NULL	ritualabuse	2
NULL	roasted	1
NULL	robot	1
NULL	robots	4
NULL	romande	1
NULL	ronaldo	1
NULL	rope	1
NULL	routinely	1
NULL	royalicing	1
NULL	rtlsummernight	1
NULL	rude	1
NULL	ruleoflaw	1
NULL	rumors	1
NULL	russia	19
NULL	russiagate	1
NULL	russianbots	1
NULL	russianpropagansist	1
NULL	russianpuppet	1
NULL	rwanda	1
NULL	référencement	1
NULL	s	3
NULL	saaq	1
NULL	sad	16
NULL	sadboy	1
NULL	sadexcuse	1
NULL	salafascist	1
NULL	salt	1
NULL	sandyhook	1
NULL	sapevatelo	10
NULL	sarcasm	1
NULL	satanic	1
NULL	satanworshipper	1
NULL	satchat	1
NULL	satire	3
NULL	saturdaymorning	17
NULL	saudiarabia	1
NULL	savealife	1
NULL	saycheese	2
NULL	saynotovaccines	1
NULL	scabs	1
NULL	scammer	1
NULL	scams	1
NULL	scandal	1
NULL	scapegoating	1
NULL	scarecrow	1
NULL	schooldropoutgotmic	1
NULL	schooled	2
NULL	schoollibrarian	1
NULL	science	9
NULL	scouts	1
NULL	screw	1
NULL	scripted	1
NULL	scum	3
NULL	scumbagjournalism	1
NULL	scumbags	1
NULL	seanhannity	2
NULL	searchingforthelimelight	1
NULL	secondcaming	1
NULL	secretballot	1
NULL	securityengineering	2
NULL	sedition	1
NULL	sellout	1
NULL	sensationalist	1
NULL	september11	1
NULL	seriously	1
NULL	sessions	1
NULL	sethrich	10
NULL	sethrichmurder	1
NULL	setup	1
NULL	sewer	1
NULL	shame	2
NULL	shameOnYou	1
NULL	shameful	31
NULL	shameless	3
NULL	shameonyou	1
NULL	sharknado	1
NULL	sheep	2
NULL	shill	1
NULL	shortmovie	1
NULL	siasasafi	1
NULL	silence	1
NULL	silly	1
NULL	singersongwriter	1
NULL	sistafista	1
NULL	sitswhenhepees	1
NULL	sjwlies	1
NULL	skewed	1
NULL	skill	1
NULL	skog	1
NULL	slapyourself	2
NULL	snowflake	9
NULL	snowflakes	2
NULL	social	1
NULL	socialbots	2
NULL	socialmedia	25
NULL	socreepy	1
NULL	softcoup	4
NULL	solareclipse	1
NULL	someonesgettingfired	1
NULL	somethingisntright	1
NULL	sorrynotsorry	1
NULL	sovereignty	1
NULL	spaceweather	2
NULL	spd	1
NULL	spiderwoman	1
NULL	spirituality	1
NULL	spoof	1
NULL	sport	129
NULL	sports	1
NULL	sputnik	1
NULL	sqn	1
NULL	srilanka	2
NULL	srom	1
NULL	ssm	1
NULL	ssn	1
NULL	standwithflynn	1
NULL	standwithsean	1
NULL	star	1
NULL	starsbias	1
NULL	startup	1
NULL	starwars	1
NULL	statistics	2
NULL	statueofliberty	23
NULL	stayinschool	1
NULL	staywoke	1
NULL	steam	5
NULL	stem	5
NULL	stock	1
NULL	stocks	1
NULL	stoned	1
NULL	stopobstructing	1
NULL	stoptherulingclass	1
NULL	strootman	1
NULL	stump	2
NULL	stupid	1
NULL	stupidity	1
NULL	subjectivebs	1
NULL	subpoena	1
NULL	subventionnée	3
NULL	suck	1
NULL	sucks	2
NULL	sue	1
NULL	suefoxnews	1
NULL	suisse	5
NULL	summerclass	1
NULL	summerofhell	1
NULL	sundayfunday	5
NULL	sundaymorning	6
NULL	sundaymotivation	6
NULL	sundaythoughts	5
NULL	sundaytoday	1
NULL	sunni	1
NULL	supremacist	1
NULL	surrogates	1
NULL	survey	1
NULL	svpol	3
NULL	swamp	1
NULL	swampnews	1
NULL	sweden	1
NULL	syphilis	1
NULL	systemsthinking	1
NULL	t909	1
NULL	tRUmp	2
NULL	tRump	1
NULL	tacky	2
NULL	tagesschau	23
NULL	tattletale	4
NULL	taxreform	1
NULL	tbt	2
NULL	tcot	166
NULL	teachers	2
NULL	team	1
NULL	teamtreason	1
NULL	teamtrump	2
NULL	teaparty	1
NULL	tech	5
NULL	techforgood	1
NULL	technology	1
NULL	tekel	1
NULL	tellthetruth	1
NULL	terrorism	2
NULL	terrorist	1
NULL	terrortuesday	1
NULL	tg5	1
NULL	thc	4
NULL	theGlobe	1
NULL	theResistance	1
NULL	theatlantic	1
NULL	theatre	5
NULL	thebachelorette	1
NULL	thebeat	1
NULL	thedrum	1
NULL	thegreatwhitehype	1
NULL	theirABC	1
NULL	thematrix	1
NULL	theresistance	22
NULL	therighttotruth	1
NULL	therussiansarenotcoming	1
NULL	thestory	1
NULL	theview	1
NULL	thisishowyougotTrump	1
NULL	thisisnotfakenews	1
NULL	throwback	2
NULL	thug	1
NULL	thyroid	1
NULL	tickticktick	1
NULL	tinder	1
NULL	tineaEinaiauta	2
NULL	tired	1
NULL	tlot	5
NULL	toons	1
NULL	top10	1
NULL	topskat	1
NULL	tory	1
NULL	tpot	5
NULL	traffic	1
NULL	traitor	3
NULL	traitors	1
NULL	transcripts	2
NULL	transferwindow	1
NULL	trash	1
NULL	trauDichdeutschland	1
NULL	treason	1
NULL	treasonous	1
NULL	trick	1
NULL	trms	1
NULL	trolls	1
NULL	trudeau	1
NULL	truepatriots	1
NULL	truly	1
NULL	trump	107
NULL	trump2020	1
NULL	trumpCHAOS	1
NULL	trumpLiesMatter	1
NULL	trumpanzee	1
NULL	trumpbot	1
NULL	trumpbots	1
NULL	trumpcareWHAT	1
NULL	trumpcookies	1
NULL	trumpderangementsyndrome	1
NULL	trumpers	1
NULL	trumpets	1
NULL	trumpfools	1
NULL	trumpices	1
NULL	trumpisaliar	1
NULL	trumpisright	1
NULL	trumplethinskin	1
NULL	trumplie	1
NULL	trumplies	2
NULL	trumpmemes	1
NULL	trumpmoneylaudnering	2
NULL	trumpmorons	1
NULL	trumprussia	10
NULL	trumpski	1
NULL	trumptard	1
NULL	trumptrain	14
NULL	trumptrain45	3
NULL	trumptroll	1
NULL	trumptv	5
NULL	trumptweets	2
NULL	trumpvacation	1
NULL	trumpwon	1
NULL	truth	10
NULL	truths	1
NULL	trydecaf	2
NULL	turismofobia	1
NULL	turkey	1
NULL	turpo	2
NULL	turquie	2
NULL	tv9	13
NULL	tvn24	1
NULL	tvpis	1
NULL	tvzombies	1
NULL	twill	1
NULL	twitter	2
NULL	twitterfeed	1
NULL	tylerperry	1
NULL	tyrant	1
NULL	uae	1
NULL	ufo	4
NULL	ukhousing	1
NULL	ukip	1
NULL	un	1
NULL	uncovered	1
NULL	undemocratic	1
NULL	unemploymentline	1
NULL	unfittoserve	1
NULL	untrustworthy	1
NULL	uptownartfair	2
NULL	usa	6
NULL	usher	1
NULL	uspoli	2
NULL	utpol	3
NULL	vaccines	2
NULL	vaguenews	1
NULL	vaguenoose	1
NULL	valemedia	1
NULL	vanre	1
NULL	varney	10
NULL	vaxxed	1
NULL	vcu	1
NULL	vcuhoops	1
NULL	vegasnonstop	3
NULL	venezuela	5
NULL	venezuelaEleccionesEnPaz	1
NULL	venti	3
NULL	verb	1
NULL	vergonhaalheia	1
NULL	verpeilen	1
NULL	veryfakenews	15
NULL	veteran	2
NULL	veterans	3
NULL	vicpol	1
NULL	victoriasegura	1
NULL	video	2
NULL	viewers	1
NULL	vinodkapri	13
NULL	violence	1
NULL	vivaelpresidentetrump	1
NULL	vmas	2
NULL	vn	1
NULL	vote	1
NULL	voters	1
NULL	votosubito	10
NULL	wagegap	1
NULL	waitforit	1
NULL	wakeup	2
NULL	wakeupUSA	1
NULL	walksafe	1
NULL	wannanewmeme	1
NULL	wannaplayagame	1
NULL	wapo	2
NULL	wapol	2
NULL	wardrums	1
NULL	warpig	1
NULL	warrensherman	1
NULL	wassermanschultz	1
NULL	weak	1
NULL	weakIMPOTUS	1
NULL	webaqoof	1
NULL	weboflies	1
NULL	wednesdaymotivation	2
NULL	wednesdaywisdom	6
NULL	weed	1
NULL	weeknd	1
NULL	welcometotheclub	1
NULL	wench	1
NULL	wh	1
NULL	whatisfakenews	4
NULL	whitehouse	2
NULL	whitemedia	1
NULL	whitepaper	2
NULL	whitewash	3
NULL	whostherealnews	1
NULL	why	1
NULL	whytrumpwon	1
NULL	widgets	1
NULL	wieszwiecej	5
NULL	wikileaks	4
NULL	win	1
NULL	winning	4
NULL	witchHunt	1
NULL	witchhunt	3
NULL	wiunion	1
NULL	wm	1
NULL	wmcpaidmedia	1
NULL	wmcpuppets	1
NULL	woke	1
NULL	workrate	1
NULL	worldwide	1
NULL	worsttweetever	1
NULL	worthbuying	1
NULL	wow	1
NULL	wrong	2
NULL	wrongKind	1
NULL	wrongasusual	1
NULL	wrongfeels	1
NULL	wsj	1
NULL	wtf	4
NULL	yahoo	4
NULL	yahoojapan	9
NULL	yawn	1
NULL	ycot	5
NULL	yellowjournalism	1
NULL	yes	1
NULL	yourPresident	1
NULL	youreanidiot	1
NULL	yourownmind	1
NULL	youtube	1
NULL	youtubecensorship	3
NULL	youtuber	1
NULL	yuge	2
NULL	yxearts	1
NULL	zerofucksgiven	6
NULL	zoo	1
NULL	zumavote	1
NULL	Çiftestandart	1
NULL	ÉducMédiasInfo	1
NULL	Österreich	1
NULL	école	1
NULL	éducation	7
NULL	Βενεζουέλας	1
NULL	προπαγάνδα	1
NULL	कांड	2
NULL	बेटीउठाओ	3
NULL	बेटीपढ़ाओ	3
NULL	बेटीबचाओ	3
NULL	बेटीसताओ	3
NULL	मोदीfiedMedia	26
NULL	イラッ	1
NULL	ウェークアップ	1
NULL	カスゴミ	1
NULL	サンデーモーニング	1
NULL	ジャーナリズム	1
NULL	スポンサーへ直接問い合わせしよう	1
NULL	テレサヨ	1
NULL	デイリーニュースオンライン	5
NULL	バイキングスポンサー不買運動	1
NULL	バニラエア	1
NULL	フェイクニュース	2
NULL	マスゴミ	2
NULL	マスゴミに朝鮮	1
NULL	メディア	1
NULL	メディアテロ	1
NULL	メディアテロ共謀のスポンサー企業一覧	2
NULL	ヤフコメ	1
NULL	一日一回捏造朝日を思い出す	1
NULL	不快感	1
NULL	人工知能	1
NULL	信じちゃいけない朝日新聞	1
NULL	偏向報道	1
NULL	偽号外	1
NULL	偽情報	1
NULL	印象操作	1
NULL	反基地運動	1
NULL	図星	1
NULL	坂上忍	1
NULL	基地外	1
NULL	報道しない自由	1
NULL	売国奴	2
NULL	守銭奴	1
NULL	小林製薬	1
NULL	拝金主義	1
NULL	捏造事故	1
NULL	放送法遵守を求める視聴者の会	3
NULL	朝日新聞	1
NULL	木島英登	1
NULL	極左	1
NULL	機械学習	1
NULL	毎日新聞	1
NULL	沖縄タイムス	1
NULL	泉放送制作	3
NULL	琉球新報	1
NULL	辛坊	1
NULL	辛淑玉	1
NULL	정국	1
